Ampara,2014,1	318.0,24.59
Ampara,2014,10	299.0,26.48
Ampara,2014,11	342.0,25.61
Ampara,2014,12	489.0,24.83
Ampara,2014,2	126.0,25.29
Ampara,2014,3	118.0,26.53
Ampara,2014,4	96.0,27.94
Ampara,2014,5	121.0,28.22
Ampara,2014,6	31.0,29.92
Ampara,2014,7	20.0,30.26
Ampara,2014,8	86.0,28.63
Ampara,2014,9	104.0,28.07
Ampara,2015,1	144.0,25.13
Ampara,2015,10	323.0,26.54
Ampara,2015,11	348.0,25.77
Ampara,2015,12	440.0,25.57
Ampara,2015,2	297.0,24.87
Ampara,2015,3	179.0,26.07
Ampara,2015,4	176.0,27.2
Ampara,2015,5	117.0,28.12
Ampara,2015,6	79.0,28.8
Ampara,2015,7	40.0,29.38
Ampara,2015,8	66.0,28.89
Ampara,2015,9	101.0,28.06
Ampara,2016,1	176.0,25.63
Ampara,2016,10	123.0,28.8
Ampara,2016,11	318.0,25.8
Ampara,2016,12	186.0,25.52
Ampara,2016,2	173.0,26.28
Ampara,2016,3	135.0,27.33
Ampara,2016,4	95.0,28.88
Ampara,2016,5	193.0,28.27
Ampara,2016,6	35.0,29.27
Ampara,2016,7	72.0,29.35
Ampara,2016,8	41.0,29.39
Ampara,2016,9	29.0,29.4
Ampara,2017,1	252.0,24.32
Ampara,2017,10	183.0,27.68
Ampara,2017,11	354.0,25.61
Ampara,2017,12	267.0,25.21
Ampara,2017,2	198.0,24.65
Ampara,2017,3	184.0,26.23
Ampara,2017,4	84.0,28.06
Ampara,2017,5	107.0,28.89
Ampara,2017,6	56.0,29.93
Ampara,2017,7	71.0,30.35
Ampara,2017,8	89.0,29.6
Ampara,2017,9	121.0,28.11
Ampara,2018,1	151.0,24.4
Ampara,2018,10	376.0,26.09
Ampara,2018,11	436.0,25.57
Ampara,2018,12	331.0,25.04
Ampara,2018,2	225.0,24.81
Ampara,2018,3	263.0,26.1
Ampara,2018,4	218.0,26.83
Ampara,2018,5	161.0,27.1
Ampara,2018,6	68.0,28.4
Ampara,2018,7	52.0,29.85
Ampara,2018,8	57.0,29.81
Ampara,2018,9	129.0,29.03
Ampara,2019,1	250.0,24.76
Ampara,2019,10	394.0,25.71
Ampara,2019,11	395.0,26.0
Ampara,2019,12	508.0,25.28
Ampara,2019,2	365.0,25.74
Ampara,2019,3	131.0,26.77
Ampara,2019,4	142.0,28.14
Ampara,2019,5	64.0,30.05
Ampara,2019,6	65.0,30.73
Ampara,2019,7	68.0,30.31
Ampara,2019,8	101.0,29.41
Ampara,2019,9	193.0,27.97
Ampara,2020,1	297.0,25.42
Ampara,2020,10	123.0,28.96
Ampara,2020,11	412.0,26.2
Ampara,2020,12	407.0,25.22
Ampara,2020,2	212.0,25.75
Ampara,2020,3	76.0,27.01
Ampara,2020,4	205.0,28.2
Ampara,2020,5	169.0,28.67
Ampara,2020,6	81.0,29.36
Ampara,2020,7	107.0,28.73
Ampara,2020,8	52.0,29.79
Ampara,2020,9	126.0,28.5
Ampara,2021,1	425.0,24.88
Ampara,2021,10	211.0,27.12
Ampara,2021,11	323.0,25.63
Ampara,2021,12	269.0,25.23
Ampara,2021,2	235.0,25.2
Ampara,2021,3	247.0,26.04
Ampara,2021,4	158.0,27.39
Ampara,2021,5	188.0,28.04
Ampara,2021,6	82.0,28.86
Ampara,2021,7	101.0,29.12
Ampara,2021,8	115.0,28.74
Ampara,2021,9	131.0,28.77
Ampara,2022,1	289.0,24.7
Ampara,2022,10	210.0,26.44
Ampara,2022,11	261.0,25.31
Ampara,2022,12	300.0,24.74
Ampara,2022,2	184.0,25.2
Ampara,2022,3	152.0,26.5
Ampara,2022,4	216.0,26.81
Ampara,2022,5	83.0,28.48
Ampara,2022,6	85.0,28.27
Ampara,2022,7	117.0,28.41
Ampara,2022,8	120.0,27.6
Ampara,2022,9	101.0,27.78
Ampara,2023,1	249.0,24.3
Ampara,2023,10	281.0,26.29
Ampara,2023,11	381.0,25.63
Ampara,2023,12	455.0,25.49
Ampara,2023,2	264.0,24.83
Ampara,2023,3	256.0,26.06
Ampara,2023,4	151.0,27.4
Ampara,2023,5	109.0,28.05
Ampara,2023,6	75.0,29.41
Ampara,2023,7	60.0,29.34
Ampara,2023,8	89.0,30.1
Ampara,2023,9	134.0,28.18
Ampara,2024,1	301.0,25.29
Ampara,2024,2	197.0,26.44
Ampara,2024,3	130.0,27.07
Ampara,2024,4	148.0,28.44
Ampara,2024,5	154.0,28.88
Ampara,2024,6	36.0,28.66
Anuradhapura,2014,1	209.0,23.97
Anuradhapura,2014,10	283.0,25.95
Anuradhapura,2014,11	288.0,24.89
Anuradhapura,2014,12	372.0,24.32
Anuradhapura,2014,2	38.0,25.23
Anuradhapura,2014,3	26.0,27.51
Anuradhapura,2014,4	110.0,28.18
Anuradhapura,2014,5	143.0,27.45
Anuradhapura,2014,6	64.0,28.26
Anuradhapura,2014,7	50.0,28.26
Anuradhapura,2014,8	118.0,27.35
Anuradhapura,2014,9	117.0,27.16
Anuradhapura,2015,1	47.0,24.9
Anuradhapura,2015,10	274.0,26.24
Anuradhapura,2015,11	316.0,25.27
Anuradhapura,2015,12	258.0,25.25
Anuradhapura,2015,2	125.0,24.94
Anuradhapura,2015,3	78.0,26.75
Anuradhapura,2015,4	169.0,27.33
Anuradhapura,2015,5	140.0,27.24
Anuradhapura,2015,6	112.0,27.43
Anuradhapura,2015,7	83.0,27.69
Anuradhapura,2015,8	83.0,27.76
Anuradhapura,2015,9	150.0,27.04
Anuradhapura,2016,1	61.0,25.17
Anuradhapura,2016,10	86.0,27.61
Anuradhapura,2016,11	222.0,25.4
Anuradhapura,2016,12	114.0,25.09
Anuradhapura,2016,2	70.0,26.44
Anuradhapura,2016,3	45.0,28.74
Anuradhapura,2016,4	71.0,29.66
Anuradhapura,2016,5	203.0,27.48
Anuradhapura,2016,6	95.0,27.32
Anuradhapura,2016,7	66.0,27.59
Anuradhapura,2016,8	51.0,27.81
Anuradhapura,2016,9	41.0,27.71
Anuradhapura,2017,1	148.0,24.41
Anuradhapura,2017,10	250.0,26.48
Anuradhapura,2017,11	303.0,25.34
Anuradhapura,2017,12	168.0,24.89
Anuradhapura,2017,2	63.0,25.11
Anuradhapura,2017,3	130.0,26.88
Anuradhapura,2017,4	52.0,29.23
Anuradhapura,2017,5	115.0,28.48
Anuradhapura,2017,6	127.0,28.04
Anuradhapura,2017,7	83.0,28.58
Anuradhapura,2017,8	119.0,27.73
Anuradhapura,2017,9	179.0,26.83
Anuradhapura,2018,1	60.0,24.27
Anuradhapura,2018,10	430.0,25.64
Anuradhapura,2018,11	364.0,25.15
Anuradhapura,2018,12	177.0,24.95
Anuradhapura,2018,2	86.0,25.41
Anuradhapura,2018,3	87.0,27.37
Anuradhapura,2018,4	116.0,28.01
Anuradhapura,2018,5	195.0,26.96
Anuradhapura,2018,6	190.0,27.18
Anuradhapura,2018,7	60.0,27.89
Anuradhapura,2018,8	96.0,27.56
Anuradhapura,2018,9	169.0,27.7
Anuradhapura,2019,1	58.0,24.44
Anuradhapura,2019,10	365.0,25.7
Anuradhapura,2019,11	252.0,25.93
Anuradhapura,2019,12	305.0,25.18
Anuradhapura,2019,2	158.0,26.12
Anuradhapura,2019,3	41.0,28.21
Anuradhapura,2019,4	99.0,28.78
Anuradhapura,2019,5	68.0,29.04
Anuradhapura,2019,6	85.0,28.98
Anuradhapura,2019,7	81.0,28.66
Anuradhapura,2019,8	252.0,27.56
Anuradhapura,2019,9	211.0,27.21
Anuradhapura,2020,1	100.0,25.28
Anuradhapura,2020,10	151.0,27.35
Anuradhapura,2020,11	324.0,25.94
Anuradhapura,2020,12	362.0,24.71
Anuradhapura,2020,2	34.0,26.04
Anuradhapura,2020,3	33.0,27.82
Anuradhapura,2020,4	141.0,28.43
Anuradhapura,2020,5	161.0,28.06
Anuradhapura,2020,6	146.0,27.98
Anuradhapura,2020,7	158.0,27.55
Anuradhapura,2020,8	124.0,27.67
Anuradhapura,2020,9	264.0,26.74
Anuradhapura,2021,1	313.0,24.69
Anuradhapura,2021,10	292.0,26.18
Anuradhapura,2021,11	397.0,25.02
Anuradhapura,2021,12	127.0,25.27
Anuradhapura,2021,2	92.0,25.07
Anuradhapura,2021,3	98.0,26.76
Anuradhapura,2021,4	184.0,27.68
Anuradhapura,2021,5	261.0,27.17
Anuradhapura,2021,6	136.0,27.4
Anuradhapura,2021,7	137.0,27.71
Anuradhapura,2021,8	113.0,27.63
Anuradhapura,2021,9	173.0,27.51
Anuradhapura,2022,1	125.0,25.07
Anuradhapura,2022,10	242.0,25.85
Anuradhapura,2022,11	223.0,25.06
Anuradhapura,2022,12	243.0,24.71
Anuradhapura,2022,2	99.0,25.1
Anuradhapura,2022,3	93.0,26.79
Anuradhapura,2022,4	209.0,26.66
Anuradhapura,2022,5	200.0,27.35
Anuradhapura,2022,6	115.0,27.29
Anuradhapura,2022,7	114.0,27.37
Anuradhapura,2022,8	153.0,26.88
Anuradhapura,2022,9	119.0,26.99
Anuradhapura,2023,1	153.0,23.98
Anuradhapura,2023,10	268.0,26.19
Anuradhapura,2023,11	376.0,25.44
Anuradhapura,2023,12	323.0,25.38
Anuradhapura,2023,2	113.0,24.92
Anuradhapura,2023,3	109.0,26.63
Anuradhapura,2023,4	104.0,27.74
Anuradhapura,2023,5	129.0,27.61
Anuradhapura,2023,6	70.0,28.23
Anuradhapura,2023,7	80.0,28.22
Anuradhapura,2023,8	53.0,28.83
Anuradhapura,2023,9	192.0,27.33
Anuradhapura,2024,1	187.0,25.22
Anuradhapura,2024,2	63.0,26.77
Anuradhapura,2024,3	53.0,28.08
Anuradhapura,2024,4	105.0,29.29
Anuradhapura,2024,5	310.0,27.96
Anuradhapura,2024,6	42.0,27.48
Badulla,2014,1	171.0,20.8
Badulla,2014,10	284.0,22.78
Badulla,2014,11	303.0,21.93
Badulla,2014,12	373.0,21.42
Badulla,2014,2	80.0,21.42
Badulla,2014,3	85.0,22.51
Badulla,2014,4	124.0,24.14
Badulla,2014,5	133.0,24.22
Badulla,2014,6	38.0,25.57
Badulla,2014,7	21.0,26.14
Badulla,2014,8	88.0,24.67
Badulla,2014,9	114.0,24.23
Badulla,2015,1	103.0,21.32
Badulla,2015,10	321.0,22.8
Badulla,2015,11	301.0,22.23
Badulla,2015,12	259.0,21.91
Badulla,2015,2	155.0,21.2
Badulla,2015,3	119.0,22.52
Badulla,2015,4	262.0,23.34
Badulla,2015,5	172.0,24.15
Badulla,2015,6	84.0,24.5
Badulla,2015,7	62.0,25.42
Badulla,2015,8	107.0,25.34
Badulla,2015,9	161.0,24.15
Badulla,2016,1	78.0,21.76
Badulla,2016,10	164.0,25.64
Badulla,2016,11	279.0,22.37
Badulla,2016,12	142.0,22.16
Badulla,2016,2	113.0,22.34
Badulla,2016,3	93.0,24.06
Badulla,2016,4	136.0,25.51
Badulla,2016,5	290.0,24.74
Badulla,2016,6	44.0,25.33
Badulla,2016,7	73.0,25.38
Badulla,2016,8	42.0,25.45
Badulla,2016,9	42.0,26.23
Badulla,2017,1	286.0,20.27
Badulla,2017,10	215.0,23.78
Badulla,2017,11	339.0,21.84
Badulla,2017,12	328.0,21.33
Badulla,2017,2	236.0,20.9
Badulla,2017,3	179.0,22.43
Badulla,2017,4	67.0,24.33
Badulla,2017,5	131.0,25.39
Badulla,2017,6	106.0,25.66
Badulla,2017,7	108.0,26.1
Badulla,2017,8	105.0,25.11
Badulla,2017,9	148.0,24.03
Badulla,2018,1	224.0,20.27
Badulla,2018,10	346.0,22.42
Badulla,2018,11	387.0,21.92
Badulla,2018,12	320.0,21.19
Badulla,2018,2	275.0,21.1
Badulla,2018,3	255.0,22.43
Badulla,2018,4	187.0,22.97
Badulla,2018,5	206.0,23.51
Badulla,2018,6	112.0,24.32
Badulla,2018,7	119.0,24.37
Badulla,2018,8	138.0,24.48
Badulla,2018,9	166.0,24.54
Badulla,2019,1	404.0,20.58
Badulla,2019,10	377.0,22.28
Badulla,2019,11	367.0,22.26
Badulla,2019,12	450.0,21.7
Badulla,2019,2	373.0,21.93
Badulla,2019,3	152.0,22.42
Badulla,2019,4	185.0,23.88
Badulla,2019,5	124.0,25.15
Badulla,2019,6	77.0,25.91
Badulla,2019,7	99.0,25.54
Badulla,2019,8	145.0,24.95
Badulla,2019,9	226.0,23.84
Badulla,2020,1	318.0,21.28
Badulla,2020,10	88.0,24.29
Badulla,2020,11	387.0,22.52
Badulla,2020,12	457.0,21.67
Badulla,2020,2	350.0,21.53
Badulla,2020,3	108.0,23.08
Badulla,2020,4	223.0,23.73
Badulla,2020,5	191.0,24.64
Badulla,2020,6	122.0,24.93
Badulla,2020,7	160.0,24.29
Badulla,2020,8	117.0,24.9
Badulla,2020,9	146.0,23.85
Badulla,2021,1	451.0,21.3
Badulla,2021,10	218.0,23.05
Badulla,2021,11	324.0,22.16
Badulla,2021,12	384.0,21.36
Badulla,2021,2	324.0,21.33
Badulla,2021,3	232.0,22.06
Badulla,2021,4	163.0,23.2
Badulla,2021,5	240.0,23.86
Badulla,2021,6	133.0,23.73
Badulla,2021,7	144.0,24.09
Badulla,2021,8	197.0,23.95
Badulla,2021,9	186.0,23.83
Badulla,2022,1	367.0,21.06
Badulla,2022,10	256.0,22.76
Badulla,2022,11	281.0,21.51
Badulla,2022,12	306.0,20.98
Badulla,2022,2	212.0,21.15
Badulla,2022,3	204.0,22.46
Badulla,2022,4	229.0,22.71
Badulla,2022,5	160.0,24.66
Badulla,2022,6	141.0,23.93
Badulla,2022,7	144.0,24.22
Badulla,2022,8	183.0,23.88
Badulla,2022,9	139.0,23.6
Badulla,2023,1	423.0,20.1
Badulla,2023,10	350.0,23.02
Badulla,2023,11	367.0,22.61
Badulla,2023,12	489.0,22.37
Badulla,2023,2	335.0,21.04
Badulla,2023,3	289.0,22.08
Badulla,2023,4	183.0,23.05
Badulla,2023,5	164.0,24.09
Badulla,2023,6	151.0,25.03
Badulla,2023,7	133.0,25.02
Badulla,2023,8	125.0,25.59
Badulla,2023,9	221.0,24.02
Badulla,2024,1	434.0,21.68
Badulla,2024,2	287.0,22.37
Badulla,2024,3	106.0,23.4
Badulla,2024,4	159.0,24.64
Badulla,2024,5	252.0,25.53
Badulla,2024,6	53.0,25.16
Bandarawela,2014,1	197.0,19.59
Bandarawela,2014,10	357.0,20.75
Bandarawela,2014,11	341.0,20.16
Bandarawela,2014,12	417.0,19.97
Bandarawela,2014,2	51.0,20.0
Bandarawela,2014,3	99.0,21.2
Bandarawela,2014,4	170.0,21.87
Bandarawela,2014,5	241.0,22.07
Bandarawela,2014,6	310.0,22.89
Bandarawela,2014,7	326.0,22.93
Bandarawela,2014,8	311.0,21.95
Bandarawela,2014,9	334.0,21.95
Bandarawela,2015,1	89.0,19.88
Bandarawela,2015,10	399.0,20.91
Bandarawela,2015,11	380.0,20.53
Bandarawela,2015,12	303.0,20.3
Bandarawela,2015,2	163.0,19.63
Bandarawela,2015,3	131.0,20.69
Bandarawela,2015,4	278.0,21.11
Bandarawela,2015,5	271.0,21.82
Bandarawela,2015,6	259.0,22.02
Bandarawela,2015,7	305.0,22.36
Bandarawela,2015,8	284.0,22.08
Bandarawela,2015,9	347.0,21.53
Bandarawela,2016,1	109.0,20.44
Bandarawela,2016,10	255.0,21.84
Bandarawela,2016,11	277.0,20.45
Bandarawela,2016,12	128.0,20.14
Bandarawela,2016,2	106.0,21.07
Bandarawela,2016,3	61.0,22.86
Bandarawela,2016,4	161.0,22.73
Bandarawela,2016,5	420.0,22.1
Bandarawela,2016,6	366.0,22.02
Bandarawela,2016,7	292.0,22.27
Bandarawela,2016,8	274.0,22.32
Bandarawela,2016,9	236.0,22.54
Bandarawela,2017,1	185.0,17.95
Bandarawela,2017,10	224.0,20.31
Bandarawela,2017,11	334.0,18.91
Bandarawela,2017,12	212.0,18.51
Bandarawela,2017,2	133.0,18.16
Bandarawela,2017,3	180.0,19.32
Bandarawela,2017,4	88.0,21.25
Bandarawela,2017,5	172.0,21.63
Bandarawela,2017,6	107.0,21.74
Bandarawela,2017,7	100.0,22.43
Bandarawela,2017,8	150.0,21.21
Bandarawela,2017,9	150.0,20.3
Bandarawela,2018,1	149.0,17.68
Bandarawela,2018,10	368.0,19.32
Bandarawela,2018,11	348.0,18.94
Bandarawela,2018,12	207.0,18.46
Bandarawela,2018,2	154.0,18.76
Bandarawela,2018,3	210.0,19.35
Bandarawela,2018,4	198.0,19.89
Bandarawela,2018,5	243.0,20.18
Bandarawela,2018,6	125.0,20.87
Bandarawela,2018,7	132.0,20.76
Bandarawela,2018,8	163.0,20.74
Bandarawela,2018,9	197.0,20.51
Bandarawela,2019,1	169.0,18.12
Bandarawela,2019,10	400.0,19.12
Bandarawela,2019,11	313.0,19.15
Bandarawela,2019,12	358.0,18.9
Bandarawela,2019,2	232.0,19.1
Bandarawela,2019,3	132.0,19.52
Bandarawela,2019,4	214.0,20.61
Bandarawela,2019,5	194.0,21.02
Bandarawela,2019,6	82.0,21.89
Bandarawela,2019,7	114.0,21.64
Bandarawela,2019,8	193.0,20.73
Bandarawela,2019,9	242.0,20.13
Bandarawela,2020,1	166.0,18.69
Bandarawela,2020,10	133.0,20.86
Bandarawela,2020,11	341.0,19.38
Bandarawela,2020,12	327.0,18.76
Bandarawela,2020,2	179.0,19.21
Bandarawela,2020,3	102.0,20.56
Bandarawela,2020,4	202.0,20.65
Bandarawela,2020,5	183.0,21.33
Bandarawela,2020,6	122.0,21.68
Bandarawela,2020,7	141.0,20.97
Bandarawela,2020,8	135.0,21.02
Bandarawela,2020,9	213.0,20.26
Bandarawela,2021,1	323.0,18.45
Bandarawela,2021,10	223.0,19.83
Bandarawela,2021,11	329.0,19.33
Bandarawela,2021,12	222.0,18.53
Bandarawela,2021,2	176.0,18.53
Bandarawela,2021,3	189.0,19.03
Bandarawela,2021,4	186.0,19.9
Bandarawela,2021,5	273.0,20.52
Bandarawela,2021,6	134.0,20.53
Bandarawela,2021,7	173.0,20.74
Bandarawela,2021,8	205.0,20.69
Bandarawela,2021,9	190.0,20.48
Bandarawela,2022,1	223.0,18.22
Bandarawela,2022,10	272.0,19.59
Bandarawela,2022,11	280.0,18.46
Bandarawela,2022,12	259.0,18.12
Bandarawela,2022,2	139.0,18.56
Bandarawela,2022,3	221.0,19.4
Bandarawela,2022,4	255.0,19.52
Bandarawela,2022,5	179.0,20.93
Bandarawela,2022,6	152.0,20.51
Bandarawela,2022,7	178.0,20.71
Bandarawela,2022,8	228.0,20.29
Bandarawela,2022,9	163.0,20.16
Bandarawela,2023,1	208.0,17.59
Bandarawela,2023,10	399.0,19.35
Bandarawela,2023,11	383.0,19.25
Bandarawela,2023,12	417.0,19.23
Bandarawela,2023,2	211.0,18.36
Bandarawela,2023,3	204.0,19.04
Bandarawela,2023,4	181.0,19.82
Bandarawela,2023,5	175.0,20.73
Bandarawela,2023,6	151.0,21.61
Bandarawela,2023,7	150.0,21.36
Bandarawela,2023,8	167.0,21.63
Bandarawela,2023,9	282.0,20.1
Bandarawela,2024,1	259.0,18.62
Bandarawela,2024,2	196.0,19.33
Bandarawela,2024,3	98.0,20.26
Bandarawela,2024,4	172.0,20.79
Bandarawela,2024,5	305.0,21.64
Bandarawela,2024,6	78.0,21.1
Batticaloa,2014,1	397.0,24.98
Batticaloa,2014,10	289.0,26.91
Batticaloa,2014,11	366.0,25.93
Batticaloa,2014,12	530.0,25.17
Batticaloa,2014,2	170.0,25.73
Batticaloa,2014,3	137.0,26.88
Batticaloa,2014,4	90.0,28.27
Batticaloa,2014,5	116.0,28.48
Batticaloa,2014,6	29.0,30.44
Batticaloa,2014,7	13.0,30.54
Batticaloa,2014,8	83.0,28.71
Batticaloa,2014,9	92.0,28.29
Batticaloa,2015,1	190.0,25.52
Batticaloa,2015,10	329.0,26.87
Batticaloa,2015,11	379.0,26.13
Batticaloa,2015,12	484.0,26.02
Batticaloa,2015,2	340.0,25.31
Batticaloa,2015,3	180.0,26.55
Batticaloa,2015,4	164.0,27.68
Batticaloa,2015,5	105.0,28.5
Batticaloa,2015,6	60.0,29.2
Batticaloa,2015,7	26.0,29.93
Batticaloa,2015,8	38.0,29.5
Batticaloa,2015,9	88.0,28.34
Batticaloa,2016,1	235.0,26.12
Batticaloa,2016,10	121.0,28.62
Batticaloa,2016,11	336.0,26.19
Batticaloa,2016,12	251.0,25.74
Batticaloa,2016,2	186.0,26.71
Batticaloa,2016,3	139.0,27.59
Batticaloa,2016,4	65.0,29.37
Batticaloa,2016,5	192.0,28.8
Batticaloa,2016,6	25.0,29.87
Batticaloa,2016,7	63.0,29.51
Batticaloa,2016,8	29.0,29.67
Batticaloa,2016,9	27.0,29.6
Batticaloa,2017,1	306.0,25.0
Batticaloa,2017,10	226.0,27.59
Batticaloa,2017,11	393.0,25.99
Batticaloa,2017,12	308.0,25.74
Batticaloa,2017,2	219.0,25.5
Batticaloa,2017,3	195.0,26.82
Batticaloa,2017,4	59.0,28.94
Batticaloa,2017,5	85.0,29.52
Batticaloa,2017,6	69.0,30.43
Batticaloa,2017,7	54.0,30.2
Batticaloa,2017,8	88.0,29.48
Batticaloa,2017,9	143.0,28.2
Batticaloa,2018,1	174.0,25.11
Batticaloa,2018,10	401.0,26.41
Batticaloa,2018,11	462.0,26.01
Batticaloa,2018,12	375.0,25.53
Batticaloa,2018,2	243.0,25.61
Batticaloa,2018,3	257.0,26.72
Batticaloa,2018,4	199.0,27.52
Batticaloa,2018,5	163.0,27.73
Batticaloa,2018,6	75.0,29.28
Batticaloa,2018,7	70.0,29.81
Batticaloa,2018,8	63.0,29.77
Batticaloa,2018,9	132.0,28.81
Batticaloa,2019,1	274.0,25.53
Batticaloa,2019,10	419.0,26.24
Batticaloa,2019,11	432.0,26.5
Batticaloa,2019,12	512.0,25.96
Batticaloa,2019,2	372.0,26.41
Batticaloa,2019,3	124.0,27.7
Batticaloa,2019,4	116.0,28.87
Batticaloa,2019,5	67.0,30.02
Batticaloa,2019,6	63.0,30.5
Batticaloa,2019,7	77.0,29.79
Batticaloa,2019,8	103.0,29.52
Batticaloa,2019,9	223.0,27.83
Batticaloa,2020,1	308.0,26.28
Batticaloa,2020,10	120.0,28.51
Batticaloa,2020,11	454.0,26.47
Batticaloa,2020,12	466.0,25.61
Batticaloa,2020,2	219.0,26.73
Batticaloa,2020,3	87.0,27.77
Batticaloa,2020,4	194.0,28.82
Batticaloa,2020,5	156.0,29.1
Batticaloa,2020,6	105.0,29.79
Batticaloa,2020,7	128.0,28.76
Batticaloa,2020,8	70.0,29.73
Batticaloa,2020,9	135.0,28.06
Batticaloa,2021,1	458.0,25.57
Batticaloa,2021,10	226.0,27.16
Batticaloa,2021,11	343.0,25.87
Batticaloa,2021,12	325.0,25.93
Batticaloa,2021,2	264.0,25.84
Batticaloa,2021,3	247.0,26.99
Batticaloa,2021,4	188.0,28.15
Batticaloa,2021,5	229.0,28.64
Batticaloa,2021,6	100.0,29.37
Batticaloa,2021,7	88.0,29.46
Batticaloa,2021,8	126.0,28.94
Batticaloa,2021,9	149.0,28.72
Batticaloa,2022,1	338.0,25.35
Batticaloa,2022,10	242.0,26.65
Batticaloa,2022,11	278.0,25.62
Batticaloa,2022,12	355.0,25.19
Batticaloa,2022,2	226.0,25.74
Batticaloa,2022,3	155.0,27.02
Batticaloa,2022,4	193.0,27.19
Batticaloa,2022,5	111.0,29.13
Batticaloa,2022,6	98.0,28.7
Batticaloa,2022,7	124.0,28.74
Batticaloa,2022,8	131.0,27.95
Batticaloa,2022,9	116.0,27.89
Batticaloa,2023,1	284.0,25.09
Batticaloa,2023,10	313.0,26.33
Batticaloa,2023,11	420.0,25.93
Batticaloa,2023,12	493.0,26.08
Batticaloa,2023,2	267.0,25.55
Batticaloa,2023,3	232.0,26.72
Batticaloa,2023,4	139.0,28.2
Batticaloa,2023,5	121.0,28.35
Batticaloa,2023,6	81.0,29.86
Batticaloa,2023,7	85.0,29.91
Batticaloa,2023,8	75.0,29.55
Batticaloa,2023,9	172.0,27.63
Batticaloa,2024,1	337.0,26.13
Batticaloa,2024,2	172.0,27.28
Batticaloa,2024,3	127.0,27.67
Batticaloa,2024,4	122.0,28.92
Batticaloa,2024,5	184.0,29.1
Batticaloa,2024,6	33.0,28.43
Colombo,2014,1	74.0,26.67
Colombo,2014,10	461.0,25.94
Colombo,2014,11	347.0,25.71
Colombo,2014,12	340.0,25.3
Colombo,2014,2	49.0,27.9
Colombo,2014,3	94.0,28.34
Colombo,2014,4	278.0,27.3
Colombo,2014,5	398.0,27.12
Colombo,2014,6	418.0,27.21
Colombo,2014,7	426.0,26.84
Colombo,2014,8	476.0,26.2
Colombo,2014,9	468.0,26.15
Colombo,2015,1	71.0,26.59
Colombo,2015,10	468.0,26.17
Colombo,2015,11	405.0,26.03
Colombo,2015,12	283.0,26.26
Colombo,2015,2	100.0,26.92
Colombo,2015,3	146.0,27.66
Colombo,2015,4	271.0,27.12
Colombo,2015,5	488.0,27.15
Colombo,2015,6	439.0,26.98
Colombo,2015,7	410.0,26.84
Colombo,2015,8	415.0,26.72
Colombo,2015,9	513.0,26.23
Colombo,2016,1	68.0,27.27
Colombo,2016,10	335.0,26.64
Colombo,2016,11	326.0,25.93
Colombo,2016,12	119.0,26.18
Colombo,2016,2	75.0,28.28
Colombo,2016,3	120.0,29.09
Colombo,2016,4	192.0,29.04
Colombo,2016,5	498.0,27.25
Colombo,2016,6	417.0,26.97
Colombo,2016,7	390.0,26.64
Colombo,2016,8	420.0,26.73
Colombo,2016,9	428.0,26.43
Colombo,2017,1	113.0,25.59
Colombo,2017,10	537.0,26.36
Colombo,2017,11	352.0,25.68
Colombo,2017,12	148.0,25.78
Colombo,2017,2	51.0,26.0
Colombo,2017,3	199.0,26.74
Colombo,2017,4	320.0,28.05
Colombo,2017,5	493.0,27.66
Colombo,2017,6	557.0,26.93
Colombo,2017,7	513.0,27.32
Colombo,2017,8	540.0,26.82
Colombo,2017,9	492.0,26.45
Colombo,2018,1	47.0,25.92
Colombo,2018,10	438.0,25.76
Colombo,2018,11	364.0,25.76
Colombo,2018,12	143.0,25.73
Colombo,2018,2	84.0,26.81
Colombo,2018,3	224.0,26.85
Colombo,2018,4	241.0,27.06
Colombo,2018,5	518.0,26.67
Colombo,2018,6	591.0,26.79
Colombo,2018,7	428.0,26.62
Colombo,2018,8	339.0,26.25
Colombo,2018,9	304.0,26.74
Colombo,2019,1	82.0,26.53
Colombo,2019,10	462.0,25.6
Colombo,2019,11	382.0,25.96
Colombo,2019,12	234.0,25.89
Colombo,2019,2	194.0,26.84
Colombo,2019,3	157.0,27.75
Colombo,2019,4	241.0,28.16
Colombo,2019,5	477.0,27.99
Colombo,2019,6	551.0,27.79
Colombo,2019,7	404.0,27.3
Colombo,2019,8	608.0,26.6
Colombo,2019,9	559.0,26.22
Colombo,2020,1	85.0,26.63
Colombo,2020,10	429.0,26.85
Colombo,2020,11	297.0,26.23
Colombo,2020,12	255.0,25.68
Colombo,2020,2	77.0,27.67
Colombo,2020,3	138.0,27.99
Colombo,2020,4	275.0,27.86
Colombo,2020,5	527.0,27.76
Colombo,2020,6	480.0,27.48
Colombo,2020,7	502.0,26.89
Colombo,2020,8	437.0,26.86
Colombo,2020,9	596.0,26.22
Colombo,2021,1	226.0,25.43
Colombo,2021,10	498.0,26.32
Colombo,2021,11	505.0,25.49
Colombo,2021,12	153.0,25.75
Colombo,2021,2	73.0,26.4
Colombo,2021,3	203.0,26.51
Colombo,2021,4	329.0,27.23
Colombo,2021,5	502.0,27.2
Colombo,2021,6	521.0,26.99
Colombo,2021,7	495.0,26.91
Colombo,2021,8	529.0,26.55
Colombo,2021,9	551.0,26.71
Colombo,2022,1	138.0,26.11
Colombo,2022,10	497.0,25.78
Colombo,2022,11	264.0,25.3
Colombo,2022,12	214.0,25.32
Colombo,2022,2	99.0,26.56
Colombo,2022,3	197.0,27.21
Colombo,2022,4	327.0,26.66
Colombo,2022,5	588.0,26.89
Colombo,2022,6	498.0,26.69
Colombo,2022,7	307.0,26.67
Colombo,2022,8	466.0,26.23
Colombo,2022,9	443.0,26.29
Colombo,2023,1	113.0,25.18
Colombo,2023,10	510.0,25.61
Colombo,2023,11	407.0,25.54
Colombo,2023,12	324.0,25.89
Colombo,2023,2	123.0,25.61
Colombo,2023,3	199.0,26.44
Colombo,2023,4	186.0,27.35
Colombo,2023,5	473.0,27.35
Colombo,2023,6	575.0,27.04
Colombo,2023,7	420.0,26.92
Colombo,2023,8	444.0,27.04
Colombo,2023,9	602.0,26.02
Colombo,2024,1	186.0,26.01
Colombo,2024,2	98.0,27.56
Colombo,2024,3	118.0,28.08
Colombo,2024,4	225.0,28.16
Colombo,2024,5	502.0,27.74
Colombo,2024,6	133.0,26.95
Galle,2014,1	144.0,25.89
Galle,2014,10	465.0,25.99
Galle,2014,11	345.0,25.91
Galle,2014,12	342.0,25.72
Galle,2014,2	54.0,26.44
Galle,2014,3	76.0,27.67
Galle,2014,4	252.0,27.27
Galle,2014,5	360.0,27.14
Galle,2014,6	355.0,27.12
Galle,2014,7	388.0,26.61
Galle,2014,8	393.0,26.12
Galle,2014,9	465.0,25.98
Galle,2015,1	140.0,25.82
Galle,2015,10	420.0,26.3
Galle,2015,11	387.0,26.21
Galle,2015,12	283.0,26.35
Galle,2015,2	122.0,26.07
Galle,2015,3	133.0,27.02
Galle,2015,4	260.0,27.21
Galle,2015,5	451.0,27.18
Galle,2015,6	336.0,27.18
Galle,2015,7	346.0,26.86
Galle,2015,8	438.0,26.53
Galle,2015,9	468.0,26.26
Galle,2016,1	83.0,26.76
Galle,2016,10	298.0,26.4
Galle,2016,11	344.0,25.98
Galle,2016,12	205.0,26.0
Galle,2016,2	107.0,27.3
Galle,2016,3	127.0,28.32
Galle,2016,4	253.0,28.25
Galle,2016,5	513.0,27.27
Galle,2016,6	420.0,26.89
Galle,2016,7	309.0,26.52
Galle,2016,8	359.0,26.56
Galle,2016,9	331.0,26.36
Galle,2017,1	141.0,25.49
Galle,2017,10	542.0,26.58
Galle,2017,11	355.0,25.95
Galle,2017,12	185.0,25.88
Galle,2017,2	127.0,25.7
Galle,2017,3	220.0,26.65
Galle,2017,4	370.0,27.66
Galle,2017,5	511.0,27.31
Galle,2017,6	564.0,26.94
Galle,2017,7	521.0,27.26
Galle,2017,8	595.0,26.79
Galle,2017,9	525.0,26.61
Galle,2018,1	127.0,25.52
Galle,2018,10	450.0,25.84
Galle,2018,11	364.0,25.96
Galle,2018,12	201.0,25.85
Galle,2018,2	165.0,25.97
Galle,2018,3	241.0,26.69
Galle,2018,4	278.0,26.84
Galle,2018,5	569.0,26.67
Galle,2018,6	602.0,26.79
Galle,2018,7	497.0,26.61
Galle,2018,8	491.0,26.32
Galle,2018,9	388.0,26.54
Galle,2019,1	163.0,25.6
Galle,2019,10	490.0,25.68
Galle,2019,11	359.0,26.03
Galle,2019,12	263.0,26.0
Galle,2019,2	205.0,26.26
Galle,2019,3	193.0,26.83
Galle,2019,4	279.0,27.57
Galle,2019,5	545.0,27.61
Galle,2019,6	543.0,27.76
Galle,2019,7	500.0,27.19
Galle,2019,8	615.0,26.56
Galle,2019,9	583.0,26.22
Galle,2020,1	143.0,26.42
Galle,2020,10	413.0,26.87
Galle,2020,11	347.0,26.24
Galle,2020,12	292.0,25.87
Galle,2020,2	136.0,26.99
Galle,2020,3	127.0,27.82
Galle,2020,4	266.0,27.45
Galle,2020,5	569.0,27.59
Galle,2020,6	486.0,27.44
Galle,2020,7	482.0,26.89
Galle,2020,8	464.0,26.92
Galle,2020,9	584.0,26.33
Galle,2021,1	306.0,25.45
Galle,2021,10	469.0,26.52
Galle,2021,11	492.0,25.83
Galle,2021,12	238.0,25.66
Galle,2021,2	181.0,25.95
Galle,2021,3	260.0,26.38
Galle,2021,4	317.0,27.26
Galle,2021,5	473.0,27.29
Galle,2021,6	518.0,26.99
Galle,2021,7	565.0,26.8
Galle,2021,8	585.0,26.45
Galle,2021,9	593.0,26.65
Galle,2022,1	173.0,25.48
Galle,2022,10	524.0,25.83
Galle,2022,11	280.0,25.63
Galle,2022,12	278.0,25.45
Galle,2022,2	137.0,26.13
Galle,2022,3	232.0,26.84
Galle,2022,4	341.0,26.87
Galle,2022,5	620.0,26.87
Galle,2022,6	534.0,26.63
Galle,2022,7	368.0,26.63
Galle,2022,8	516.0,26.25
Galle,2022,9	450.0,26.32
Galle,2023,1	169.0,24.96
Galle,2023,10	502.0,25.56
Galle,2023,11	414.0,25.57
Galle,2023,12	377.0,25.83
Galle,2023,2	183.0,25.52
Galle,2023,3	220.0,26.21
Galle,2023,4	239.0,26.97
Galle,2023,5	491.0,27.39
Galle,2023,6	598.0,27.02
Galle,2023,7	492.0,26.7
Galle,2023,8	498.0,27.02
Galle,2023,9	574.0,26.06
Galle,2024,1	247.0,25.82
Galle,2024,2	141.0,27.13
Galle,2024,3	175.0,27.48
Galle,2024,4	250.0,27.69
Galle,2024,5	485.0,27.41
Galle,2024,6	161.0,26.94
Gampaha,2014,1	61.0,26.12
Gampaha,2014,10	464.0,25.76
Gampaha,2014,11	329.0,25.53
Gampaha,2014,12	345.0,25.12
Gampaha,2014,2	34.0,27.89
Gampaha,2014,3	88.0,28.82
Gampaha,2014,4	279.0,27.22
Gampaha,2014,5	352.0,26.97
Gampaha,2014,6	448.0,26.97
Gampaha,2014,7	457.0,26.55
Gampaha,2014,8	473.0,26.03
Gampaha,2014,9	469.0,25.98
Gampaha,2015,1	40.0,26.5
Gampaha,2015,10	450.0,26.01
Gampaha,2015,11	362.0,25.86
Gampaha,2015,12	271.0,26.18
Gampaha,2015,2	72.0,26.94
Gampaha,2015,3	139.0,27.55
Gampaha,2015,4	262.0,27.02
Gampaha,2015,5	433.0,26.96
Gampaha,2015,6	430.0,26.74
Gampaha,2015,7	422.0,26.59
Gampaha,2015,8	412.0,26.52
Gampaha,2015,9	477.0,26.07
Gampaha,2016,1	34.0,27.28
Gampaha,2016,10	314.0,26.31
Gampaha,2016,11	293.0,25.85
Gampaha,2016,12	98.0,26.05
Gampaha,2016,2	60.0,28.45
Gampaha,2016,3	116.0,29.26
Gampaha,2016,4	167.0,28.95
Gampaha,2016,5	501.0,27.01
Gampaha,2016,6	452.0,26.72
Gampaha,2016,7	397.0,26.45
Gampaha,2016,8	394.0,26.45
Gampaha,2016,9	402.0,26.19
Gampaha,2017,1	114.0,25.99
Gampaha,2017,10	522.0,25.94
Gampaha,2017,11	340.0,25.4
Gampaha,2017,12	142.0,25.71
Gampaha,2017,2	53.0,26.19
Gampaha,2017,3	214.0,26.62
Gampaha,2017,4	316.0,27.47
Gampaha,2017,5	464.0,27.08
Gampaha,2017,6	543.0,26.5
Gampaha,2017,7	498.0,26.91
Gampaha,2017,8	527.0,26.45
Gampaha,2017,9	471.0,26.06
Gampaha,2018,1	57.0,26.24
Gampaha,2018,10	417.0,25.53
Gampaha,2018,11	364.0,25.55
Gampaha,2018,12	111.0,25.65
Gampaha,2018,2	91.0,27.04
Gampaha,2018,3	195.0,26.7
Gampaha,2018,4	232.0,26.74
Gampaha,2018,5	484.0,26.26
Gampaha,2018,6	634.0,26.34
Gampaha,2018,7	436.0,26.38
Gampaha,2018,8	363.0,26.08
Gampaha,2018,9	302.0,26.48
Gampaha,2019,1	71.0,26.77
Gampaha,2019,10	451.0,25.33
Gampaha,2019,11	349.0,25.78
Gampaha,2019,12	250.0,25.83
Gampaha,2019,2	187.0,26.84
Gampaha,2019,3	131.0,27.56
Gampaha,2019,4	248.0,27.99
Gampaha,2019,5	460.0,27.59
Gampaha,2019,6	582.0,27.36
Gampaha,2019,7	445.0,26.92
Gampaha,2019,8	618.0,26.19
Gampaha,2019,9	568.0,25.88
Gampaha,2020,1	80.0,27.05
Gampaha,2020,10	442.0,26.52
Gampaha,2020,11	295.0,26.03
Gampaha,2020,12	261.0,25.54
Gampaha,2020,2	66.0,28.2
Gampaha,2020,3	156.0,28.0
Gampaha,2020,4	284.0,27.68
Gampaha,2020,5	511.0,27.5
Gampaha,2020,6	492.0,27.08
Gampaha,2020,7	480.0,26.5
Gampaha,2020,8	431.0,26.54
Gampaha,2020,9	603.0,25.82
Gampaha,2021,1	214.0,25.42
Gampaha,2021,10	494.0,25.88
Gampaha,2021,11	492.0,25.02
Gampaha,2021,12	128.0,25.96
Gampaha,2021,2	62.0,26.71
Gampaha,2021,3	188.0,26.63
Gampaha,2021,4	279.0,27.1
Gampaha,2021,5	510.0,26.85
Gampaha,2021,6	557.0,26.55
Gampaha,2021,7	503.0,26.6
Gampaha,2021,8	519.0,26.21
Gampaha,2021,9	567.0,26.32
Gampaha,2022,1	129.0,26.3
Gampaha,2022,10	486.0,25.42
Gampaha,2022,11	265.0,25.13
Gampaha,2022,12	221.0,25.08
Gampaha,2022,2	99.0,26.84
Gampaha,2022,3	182.0,27.07
Gampaha,2022,4	323.0,26.4
Gampaha,2022,5	595.0,26.44
Gampaha,2022,6	538.0,26.25
Gampaha,2022,7	319.0,26.5
Gampaha,2022,8	493.0,25.94
Gampaha,2022,9	460.0,25.94
Gampaha,2023,1	116.0,25.18
Gampaha,2023,10	488.0,25.34
Gampaha,2023,11	368.0,25.31
Gampaha,2023,12	304.0,25.73
Gampaha,2023,2	117.0,25.79
Gampaha,2023,3	200.0,26.41
Gampaha,2023,4	204.0,26.89
Gampaha,2023,5	444.0,26.94
Gampaha,2023,6	569.0,26.55
Gampaha,2023,7	454.0,26.51
Gampaha,2023,8	383.0,26.65
Gampaha,2023,9	572.0,25.51
Gampaha,2024,1	188.0,26.01
Gampaha,2024,2	65.0,27.92
Gampaha,2024,3	95.0,28.1
Gampaha,2024,4	213.0,27.94
Gampaha,2024,5	488.0,27.25
Gampaha,2024,6	117.0,26.69
Hambantota,2014,1	75.0,26.02
Hambantota,2014,10	240.0,26.69
Hambantota,2014,11	261.0,26.06
Hambantota,2014,12	319.0,25.63
Hambantota,2014,2	20.0,27.09
Hambantota,2014,3	36.0,28.32
Hambantota,2014,4	145.0,28.26
Hambantota,2014,5	126.0,28.04
Hambantota,2014,6	26.0,28.96
Hambantota,2014,7	26.0,28.54
Hambantota,2014,8	68.0,27.92
Hambantota,2014,9	113.0,27.64
Hambantota,2015,1	48.0,26.01
Hambantota,2015,10	298.0,26.81
Hambantota,2015,11	273.0,26.38
Hambantota,2015,12	255.0,26.15
Hambantota,2015,2	52.0,26.19
Hambantota,2015,3	88.0,27.06
Hambantota,2015,4	192.0,27.21
Hambantota,2015,5	170.0,27.73
Hambantota,2015,6	86.0,28.32
Hambantota,2015,7	55.0,28.29
Hambantota,2015,8	115.0,27.97
Hambantota,2015,9	233.0,27.35
Hambantota,2016,1	19.0,26.82
Hambantota,2016,10	60.0,28.03
Hambantota,2016,11	236.0,26.47
Hambantota,2016,12	100.0,26.53
Hambantota,2016,2	56.0,27.42
Hambantota,2016,3	44.0,28.58
Hambantota,2016,4	152.0,28.69
Hambantota,2016,5	257.0,27.76
Hambantota,2016,6	91.0,27.86
Hambantota,2016,7	54.0,28.12
Hambantota,2016,8	42.0,28.2
Hambantota,2016,9	20.0,28.11
Hambantota,2017,1	122.0,26.59
Hambantota,2017,10	177.0,27.77
Hambantota,2017,11	374.0,26.38
Hambantota,2017,12	197.0,26.2
Hambantota,2017,2	107.0,26.71
Hambantota,2017,3	224.0,27.22
Hambantota,2017,4	157.0,28.75
Hambantota,2017,5	142.0,28.57
Hambantota,2017,6	141.0,28.19
Hambantota,2017,7	100.0,28.9
Hambantota,2017,8	104.0,28.39
Hambantota,2017,9	202.0,27.55
Hambantota,2018,1	85.0,26.29
Hambantota,2018,10	362.0,26.4
Hambantota,2018,11	341.0,26.19
Hambantota,2018,12	156.0,26.14
Hambantota,2018,2	99.0,26.46
Hambantota,2018,3	194.0,27.07
Hambantota,2018,4	266.0,27.42
Hambantota,2018,5	322.0,27.28
Hambantota,2018,6	291.0,27.31
Hambantota,2018,7	100.0,28.1
Hambantota,2018,8	92.0,28.02
Hambantota,2018,9	148.0,27.84
Hambantota,2019,1	85.0,26.82
Hambantota,2019,10	454.0,26.14
Hambantota,2019,11	376.0,26.29
Hambantota,2019,12	298.0,26.06
Hambantota,2019,2	165.0,27.23
Hambantota,2019,3	139.0,27.8
Hambantota,2019,4	205.0,28.24
Hambantota,2019,5	199.0,28.51
Hambantota,2019,6	203.0,28.65
Hambantota,2019,7	188.0,28.28
Hambantota,2019,8	362.0,27.32
Hambantota,2019,9	390.0,26.8
Hambantota,2020,1	105.0,26.9
Hambantota,2020,10	137.0,28.27
Hambantota,2020,11	303.0,27.03
Hambantota,2020,12	266.0,26.53
Hambantota,2020,2	75.0,27.27
Hambantota,2020,3	65.0,28.05
Hambantota,2020,4	222.0,28.39
Hambantota,2020,5	210.0,28.45
Hambantota,2020,6	124.0,28.8
Hambantota,2020,7	209.0,27.96
Hambantota,2020,8	189.0,28.05
Hambantota,2020,9	230.0,27.48
Hambantota,2021,1	264.0,25.95
Hambantota,2021,10	230.0,27.32
Hambantota,2021,11	272.0,26.48
Hambantota,2021,12	221.0,26.3
Hambantota,2021,2	111.0,27.03
Hambantota,2021,3	207.0,27.18
Hambantota,2021,4	175.0,28.28
Hambantota,2021,5	275.0,28.28
Hambantota,2021,6	131.0,28.42
Hambantota,2021,7	167.0,28.12
Hambantota,2021,8	170.0,27.88
Hambantota,2021,9	177.0,27.93
Hambantota,2022,1	133.0,26.53
Hambantota,2022,10	188.0,27.23
Hambantota,2022,11	248.0,26.37
Hambantota,2022,12	220.0,25.93
Hambantota,2022,2	87.0,27.2
Hambantota,2022,3	180.0,27.65
Hambantota,2022,4	214.0,27.52
Hambantota,2022,5	262.0,27.8
Hambantota,2022,6	136.0,27.64
Hambantota,2022,7	150.0,28.12
Hambantota,2022,8	170.0,27.51
Hambantota,2022,9	131.0,27.55
Hambantota,2023,1	124.0,26.23
Hambantota,2023,10	410.0,26.15
Hambantota,2023,11	384.0,26.01
Hambantota,2023,12	335.0,26.25
Hambantota,2023,2	155.0,26.68
Hambantota,2023,3	186.0,27.25
Hambantota,2023,4	210.0,28.11
Hambantota,2023,5	168.0,28.4
Hambantota,2023,6	78.0,28.74
Hambantota,2023,7	141.0,28.21
Hambantota,2023,8	117.0,28.7
Hambantota,2023,9	344.0,26.84
Hambantota,2024,1	219.0,26.36
Hambantota,2024,2	96.0,27.84
Hambantota,2024,3	131.0,28.0
Hambantota,2024,4	239.0,28.47
Hambantota,2024,5	376.0,28.14
Hambantota,2024,6	125.0,27.59
Jaffna,2014,1	189.0,25.05
Jaffna,2014,10	370.0,27.22
Jaffna,2014,11	409.0,26.13
Jaffna,2014,12	433.0,25.36
Jaffna,2014,2	51.0,25.95
Jaffna,2014,3	3.0,27.77
Jaffna,2014,4	51.0,29.43
Jaffna,2014,5	138.0,28.98
Jaffna,2014,6	9.0,29.8
Jaffna,2014,7	35.0,29.32
Jaffna,2014,8	140.0,28.25
Jaffna,2014,9	120.0,28.41
Jaffna,2015,1	71.0,25.62
Jaffna,2015,10	361.0,27.46
Jaffna,2015,11	464.0,26.37
Jaffna,2015,12	385.0,26.32
Jaffna,2015,2	88.0,26.08
Jaffna,2015,3	62.0,27.81
Jaffna,2015,4	166.0,28.61
Jaffna,2015,5	194.0,28.69
Jaffna,2015,6	75.0,29.05
Jaffna,2015,7	55.0,29.0
Jaffna,2015,8	91.0,28.72
Jaffna,2015,9	136.0,28.46
Jaffna,2016,1	65.0,26.35
Jaffna,2016,10	115.0,28.17
Jaffna,2016,11	290.0,26.69
Jaffna,2016,12	177.0,25.83
Jaffna,2016,2	65.0,27.23
Jaffna,2016,3	15.0,28.7
Jaffna,2016,4	65.0,30.38
Jaffna,2016,5	176.0,29.52
Jaffna,2016,6	104.0,29.06
Jaffna,2016,7	105.0,28.65
Jaffna,2016,8	57.0,28.87
Jaffna,2016,9	29.0,28.51
Jaffna,2017,1	156.0,25.21
Jaffna,2017,10	303.0,27.66
Jaffna,2017,11	358.0,26.31
Jaffna,2017,12	181.0,25.73
Jaffna,2017,2	28.0,25.39
Jaffna,2017,3	146.0,27.71
Jaffna,2017,4	45.0,29.7
Jaffna,2017,5	101.0,29.69
Jaffna,2017,6	111.0,29.15
Jaffna,2017,7	101.0,29.36
Jaffna,2017,8	241.0,28.57
Jaffna,2017,9	210.0,27.92
Jaffna,2018,1	44.0,24.85
Jaffna,2018,10	415.0,27.02
Jaffna,2018,11	369.0,26.17
Jaffna,2018,12	208.0,25.81
Jaffna,2018,2	52.0,25.71
Jaffna,2018,3	90.0,27.63
Jaffna,2018,4	168.0,29.12
Jaffna,2018,5	247.0,28.89
Jaffna,2018,6	86.0,28.52
Jaffna,2018,7	66.0,28.63
Jaffna,2018,8	66.0,28.04
Jaffna,2018,9	118.0,27.94
Jaffna,2019,1	28.0,25.12
Jaffna,2019,10	413.0,27.03
Jaffna,2019,11	344.0,27.03
Jaffna,2019,12	326.0,26.0
Jaffna,2019,2	92.0,27.0
Jaffna,2019,3	31.0,28.41
Jaffna,2019,4	94.0,29.54
Jaffna,2019,5	26.0,29.97
Jaffna,2019,6	48.0,29.68
Jaffna,2019,7	85.0,28.89
Jaffna,2019,8	155.0,28.34
Jaffna,2019,9	205.0,27.89
Jaffna,2020,1	77.0,26.02
Jaffna,2020,10	162.0,28.07
Jaffna,2020,11	398.0,26.85
Jaffna,2020,12	367.0,25.46
Jaffna,2020,2	42.0,26.78
Jaffna,2020,3	15.0,27.97
Jaffna,2020,4	135.0,29.56
Jaffna,2020,5	136.0,29.87
Jaffna,2020,6	94.0,29.42
Jaffna,2020,7	139.0,28.49
Jaffna,2020,8	94.0,28.22
Jaffna,2020,9	198.0,27.95
Jaffna,2021,1	301.0,25.49
Jaffna,2021,10	401.0,27.21
Jaffna,2021,11	480.0,26.09
Jaffna,2021,12	198.0,25.87
Jaffna,2021,2	87.0,25.54
Jaffna,2021,3	65.0,27.79
Jaffna,2021,4	188.0,28.95
Jaffna,2021,5	242.0,29.01
Jaffna,2021,6	111.0,28.86
Jaffna,2021,7	112.0,28.63
Jaffna,2021,8	130.0,28.28
Jaffna,2021,9	162.0,28.22
Jaffna,2022,1	131.0,25.79
Jaffna,2022,10	311.0,27.01
Jaffna,2022,11	244.0,26.04
Jaffna,2022,12	232.0,25.73
Jaffna,2022,2	93.0,25.9
Jaffna,2022,3	71.0,27.71
Jaffna,2022,4	234.0,28.32
Jaffna,2022,5	117.0,29.16
Jaffna,2022,6	89.0,28.57
Jaffna,2022,7	89.0,28.57
Jaffna,2022,8	186.0,27.79
Jaffna,2022,9	131.0,27.53
Jaffna,2023,1	94.0,25.06
Jaffna,2023,10	266.0,28.02
Jaffna,2023,11	450.0,26.24
Jaffna,2023,12	379.0,26.25
Jaffna,2023,2	103.0,25.52
Jaffna,2023,3	119.0,27.81
Jaffna,2023,4	129.0,29.24
Jaffna,2023,5	134.0,29.18
Jaffna,2023,6	99.0,29.47
Jaffna,2023,7	110.0,28.97
Jaffna,2023,8	25.0,28.97
Jaffna,2023,9	171.0,28.63
Jaffna,2024,1	125.0,26.27
Jaffna,2024,2	38.0,27.83
Jaffna,2024,3	20.0,28.81
Jaffna,2024,4	98.0,30.52
Jaffna,2024,5	260.0,29.75
Jaffna,2024,6	90.0,28.84
Kalutara,2014,1	74.0,26.28
Kalutara,2014,10	461.0,25.78
Kalutara,2014,11	347.0,25.66
Kalutara,2014,12	340.0,25.35
Kalutara,2014,2	49.0,27.09
Kalutara,2014,3	94.0,28.06
Kalutara,2014,4	278.0,27.13
Kalutara,2014,5	398.0,27.05
Kalutara,2014,6	418.0,26.98
Kalutara,2014,7	426.0,26.57
Kalutara,2014,8	476.0,25.96
Kalutara,2014,9	468.0,26.0
Kalutara,2015,1	71.0,26.18
Kalutara,2015,10	468.0,26.12
Kalutara,2015,11	405.0,26.0
Kalutara,2015,12	283.0,26.22
Kalutara,2015,2	100.0,26.25
Kalutara,2015,3	146.0,27.08
Kalutara,2015,4	271.0,27.03
Kalutara,2015,5	488.0,27.06
Kalutara,2015,6	439.0,26.87
Kalutara,2015,7	410.0,26.69
Kalutara,2015,8	415.0,26.51
Kalutara,2015,9	513.0,26.14
Kalutara,2016,1	68.0,26.87
Kalutara,2016,10	335.0,26.39
Kalutara,2016,11	326.0,25.87
Kalutara,2016,12	119.0,26.08
Kalutara,2016,2	75.0,27.44
Kalutara,2016,3	120.0,28.42
Kalutara,2016,4	192.0,28.55
Kalutara,2016,5	498.0,27.1
Kalutara,2016,6	417.0,26.84
Kalutara,2016,7	390.0,26.46
Kalutara,2016,8	420.0,26.52
Kalutara,2016,9	428.0,26.24
Kalutara,2017,1	140.0,25.6
Kalutara,2017,10	533.0,26.38
Kalutara,2017,11	366.0,25.7
Kalutara,2017,12	163.0,25.7
Kalutara,2017,2	79.0,25.91
Kalutara,2017,3	180.0,26.61
Kalutara,2017,4	337.0,27.64
Kalutara,2017,5	495.0,27.3
Kalutara,2017,6	528.0,26.92
Kalutara,2017,7	498.0,27.33
Kalutara,2017,8	534.0,26.81
Kalutara,2017,9	492.0,26.52
Kalutara,2018,1	68.0,25.86
Kalutara,2018,10	464.0,25.77
Kalutara,2018,11	354.0,25.74
Kalutara,2018,12	179.0,25.73
Kalutara,2018,2	124.0,26.37
Kalutara,2018,3	215.0,26.67
Kalutara,2018,4	221.0,26.83
Kalutara,2018,5	514.0,26.58
Kalutara,2018,6	604.0,26.79
Kalutara,2018,7	438.0,26.62
Kalutara,2018,8	391.0,26.33
Kalutara,2018,9	350.0,26.67
Kalutara,2019,1	86.0,25.81
Kalutara,2019,10	456.0,25.56
Kalutara,2019,11	352.0,25.86
Kalutara,2019,12	264.0,25.94
Kalutara,2019,2	188.0,26.62
Kalutara,2019,3	152.0,27.22
Kalutara,2019,4	258.0,27.92
Kalutara,2019,5	522.0,27.73
Kalutara,2019,6	547.0,27.75
Kalutara,2019,7	421.0,27.19
Kalutara,2019,8	593.0,26.52
Kalutara,2019,9	562.0,26.17
Kalutara,2020,1	137.0,26.57
Kalutara,2020,10	433.0,26.88
Kalutara,2020,11	307.0,26.21
Kalutara,2020,12	263.0,25.79
Kalutara,2020,2	115.0,27.23
Kalutara,2020,3	144.0,27.74
Kalutara,2020,4	266.0,27.56
Kalutara,2020,5	532.0,27.58
Kalutara,2020,6	455.0,27.42
Kalutara,2020,7	487.0,26.85
Kalutara,2020,8	417.0,26.89
Kalutara,2020,9	579.0,26.25
Kalutara,2021,1	270.0,25.41
Kalutara,2021,10	494.0,26.36
Kalutara,2021,11	513.0,25.49
Kalutara,2021,12	176.0,25.7
Kalutara,2021,2	100.0,26.38
Kalutara,2021,3	221.0,26.4
Kalutara,2021,4	332.0,27.17
Kalutara,2021,5	489.0,27.23
Kalutara,2021,6	515.0,26.98
Kalutara,2021,7	515.0,26.89
Kalutara,2021,8	536.0,26.47
Kalutara,2021,9	564.0,26.68
Kalutara,2022,1	117.0,25.69
Kalutara,2022,10	532.0,25.77
Kalutara,2022,11	265.0,25.4
Kalutara,2022,12	240.0,25.29
Kalutara,2022,2	116.0,26.14
Kalutara,2022,3	209.0,26.79
Kalutara,2022,4	338.0,26.54
Kalutara,2022,5	617.0,26.74
Kalutara,2022,6	514.0,26.57
Kalutara,2022,7	343.0,26.64
Kalutara,2022,8	485.0,26.24
Kalutara,2022,9	424.0,26.31
Kalutara,2023,1	111.0,25.0
Kalutara,2023,10	506.0,25.58
Kalutara,2023,11	399.0,25.6
Kalutara,2023,12	325.0,25.84
Kalutara,2023,2	155.0,25.6
Kalutara,2023,3	211.0,26.28
Kalutara,2023,4	213.0,26.98
Kalutara,2023,5	502.0,27.14
Kalutara,2023,6	606.0,26.9
Kalutara,2023,7	437.0,26.85
Kalutara,2023,8	427.0,27.09
Kalutara,2023,9	576.0,25.94
Kalutara,2024,1	198.0,26.06
Kalutara,2024,2	99.0,27.43
Kalutara,2024,3	103.0,28.0
Kalutara,2024,4	224.0,27.89
Kalutara,2024,5	481.0,27.56
Kalutara,2024,6	146.0,26.93
Kandy,2014,1	129.0,21.93
Kandy,2014,10	357.0,23.23
Kandy,2014,11	306.0,22.59
Kandy,2014,12	404.0,22.29
Kandy,2014,2	27.0,22.79
Kandy,2014,3	53.0,24.7
Kandy,2014,4	228.0,25.21
Kandy,2014,5	199.0,24.33
Kandy,2014,6	342.0,24.04
Kandy,2014,7	372.0,23.59
Kandy,2014,8	276.0,23.35
Kandy,2014,9	255.0,23.59
Kandy,2015,1	53.0,22.5
Kandy,2015,10	390.0,23.56
Kandy,2015,11	334.0,23.1
Kandy,2015,12	271.0,23.05
Kandy,2015,2	111.0,22.6
Kandy,2015,3	125.0,23.97
Kandy,2015,4	262.0,24.28
Kandy,2015,5	169.0,24.43
Kandy,2015,6	206.0,24.32
Kandy,2015,7	272.0,23.72
Kandy,2015,8	253.0,23.9
Kandy,2015,9	222.0,23.87
Kandy,2016,1	51.0,22.99
Kandy,2016,10	138.0,24.06
Kandy,2016,11	232.0,23.06
Kandy,2016,12	91.0,22.72
Kandy,2016,2	62.0,24.21
Kandy,2016,3	82.0,26.39
Kandy,2016,4	156.0,26.63
Kandy,2016,5	379.0,24.53
Kandy,2016,6	314.0,23.85
Kandy,2016,7	258.0,23.66
Kandy,2016,8	273.0,23.55
Kandy,2016,9	189.0,23.66
Kandy,2017,1	104.0,23.43
Kandy,2017,10	276.0,23.93
Kandy,2017,11	282.0,23.07
Kandy,2017,12	124.0,23.19
Kandy,2017,2	60.0,23.88
Kandy,2017,3	129.0,24.82
Kandy,2017,4	109.0,25.67
Kandy,2017,5	318.0,25.04
Kandy,2017,6	262.0,24.36
Kandy,2017,7	295.0,24.87
Kandy,2017,8	329.0,24.01
Kandy,2017,9	253.0,23.8
Kandy,2018,1	46.0,23.56
Kandy,2018,10	390.0,23.17
Kandy,2018,11	290.0,23.16
Kandy,2018,12	163.0,22.86
Kandy,2018,2	67.0,24.54
Kandy,2018,3	125.0,24.82
Kandy,2018,4	148.0,25.45
Kandy,2018,5	281.0,24.3
Kandy,2018,6	398.0,23.77
Kandy,2018,7	379.0,23.49
Kandy,2018,8	390.0,23.13
Kandy,2018,9	210.0,23.7
Kandy,2019,1	61.0,22.81
Kandy,2019,10	386.0,23.15
Kandy,2019,11	228.0,23.61
Kandy,2019,12	207.0,23.39
Kandy,2019,2	138.0,23.71
Kandy,2019,3	75.0,25.18
Kandy,2019,4	197.0,26.1
Kandy,2019,5	123.0,25.94
Kandy,2019,6	253.0,25.4
Kandy,2019,7	216.0,24.7
Kandy,2019,8	355.0,23.76
Kandy,2019,9	259.0,23.88
Kandy,2020,1	43.0,23.83
Kandy,2020,10	299.0,23.48
Kandy,2020,11	309.0,23.79
Kandy,2020,12	316.0,23.03
Kandy,2020,2	66.0,24.67
Kandy,2020,3	51.0,26.38
Kandy,2020,4	178.0,25.83
Kandy,2020,5	312.0,25.12
Kandy,2020,6	282.0,24.72
Kandy,2020,7	258.0,24.28
Kandy,2020,8	265.0,23.89
Kandy,2020,9	376.0,23.39
Kandy,2021,1	223.0,23.02
Kandy,2021,10	313.0,23.39
Kandy,2021,11	392.0,22.63
Kandy,2021,12	134.0,23.2
Kandy,2021,2	68.0,23.79
Kandy,2021,3	112.0,24.57
Kandy,2021,4	179.0,24.76
Kandy,2021,5	350.0,24.35
Kandy,2021,6	308.0,23.72
Kandy,2021,7	326.0,23.95
Kandy,2021,8	342.0,23.56
Kandy,2021,9	307.0,23.74
Kandy,2022,1	98.0,23.49
Kandy,2022,10	362.0,22.78
Kandy,2022,11	239.0,22.6
Kandy,2022,12	239.0,22.33
Kandy,2022,2	92.0,24.09
Kandy,2022,3	135.0,24.92
Kandy,2022,4	221.0,23.94
Kandy,2022,5	351.0,24.17
Kandy,2022,6	244.0,23.94
Kandy,2022,7	287.0,23.79
Kandy,2022,8	352.0,23.33
Kandy,2022,9	221.0,23.37
Kandy,2023,1	101.0,22.3
Kandy,2023,10	328.0,23.41
Kandy,2023,11	337.0,23.37
Kandy,2023,12	307.0,23.63
Kandy,2023,2	102.0,23.21
Kandy,2023,3	106.0,24.63
Kandy,2023,4	127.0,25.4
Kandy,2023,5	230.0,24.66
Kandy,2023,6	230.0,25.06
Kandy,2023,7	260.0,24.25
Kandy,2023,8	109.0,25.35
Kandy,2023,9	275.0,23.76
Kandy,2024,1	181.0,23.51
Kandy,2024,2	50.0,24.84
Kandy,2024,3	61.0,26.04
Kandy,2024,4	134.0,26.99
Kandy,2024,5	370.0,25.37
Kandy,2024,6	61.0,24.62
Kegalle,2014,1	91.0,23.98
Kegalle,2014,10	371.0,24.12
Kegalle,2014,11	292.0,23.82
Kegalle,2014,12	364.0,23.56
Kegalle,2014,2	14.0,25.71
Kegalle,2014,3	29.0,27.57
Kegalle,2014,4	217.0,25.7
Kegalle,2014,5	269.0,25.43
Kegalle,2014,6	414.0,25.1
Kegalle,2014,7	456.0,24.63
Kegalle,2014,8	389.0,24.27
Kegalle,2014,9	374.0,24.3
Kegalle,2015,1	28.0,24.66
Kegalle,2015,10	400.0,24.43
Kegalle,2015,11	316.0,24.25
Kegalle,2015,12	228.0,24.61
Kegalle,2015,2	57.0,25.08
Kegalle,2015,3	94.0,26.11
Kegalle,2015,4	231.0,25.43
Kegalle,2015,5	268.0,25.45
Kegalle,2015,6	344.0,25.08
Kegalle,2015,7	381.0,24.79
Kegalle,2015,8	353.0,24.82
Kegalle,2015,9	341.0,24.59
Kegalle,2016,1	17.0,25.53
Kegalle,2016,10	246.0,24.78
Kegalle,2016,11	221.0,24.35
Kegalle,2016,12	76.0,24.37
Kegalle,2016,2	33.0,26.93
Kegalle,2016,3	59.0,28.29
Kegalle,2016,4	117.0,27.66
Kegalle,2016,5	451.0,25.35
Kegalle,2016,6	429.0,24.87
Kegalle,2016,7	340.0,24.72
Kegalle,2016,8	351.0,24.65
Kegalle,2016,9	336.0,24.49
Kegalle,2017,1	95.0,25.51
Kegalle,2017,10	387.0,25.01
Kegalle,2017,11	330.0,24.68
Kegalle,2017,12	123.0,24.88
Kegalle,2017,2	40.0,26.03
Kegalle,2017,3	149.0,26.35
Kegalle,2017,4	190.0,27.21
Kegalle,2017,5	337.0,26.4
Kegalle,2017,6	406.0,25.52
Kegalle,2017,7	382.0,25.91
Kegalle,2017,8	469.0,25.2
Kegalle,2017,9	370.0,25.11
Kegalle,2018,1	40.0,25.28
Kegalle,2018,10	432.0,24.72
Kegalle,2018,11	300.0,24.83
Kegalle,2018,12	127.0,24.87
Kegalle,2018,2	59.0,26.7
Kegalle,2018,3	132.0,27.05
Kegalle,2018,4	149.0,26.37
Kegalle,2018,5	353.0,25.59
Kegalle,2018,6	581.0,25.04
Kegalle,2018,7	487.0,25.27
Kegalle,2018,8	465.0,25.05
Kegalle,2018,9	265.0,25.58
Kegalle,2019,1	51.0,25.9
Kegalle,2019,10	414.0,24.58
Kegalle,2019,11	254.0,25.26
Kegalle,2019,12	186.0,25.26
Kegalle,2019,2	148.0,26.05
Kegalle,2019,3	99.0,27.38
Kegalle,2019,4	223.0,27.46
Kegalle,2019,5	255.0,26.91
Kegalle,2019,6	463.0,26.33
Kegalle,2019,7	351.0,26.06
Kegalle,2019,8	544.0,25.04
Kegalle,2019,9	435.0,25.09
Kegalle,2020,1	61.0,26.42
Kegalle,2020,10	448.0,25.36
Kegalle,2020,11	281.0,25.21
Kegalle,2020,12	288.0,24.62
Kegalle,2020,2	43.0,27.96
Kegalle,2020,3	131.0,28.3
Kegalle,2020,4	195.0,27.11
Kegalle,2020,5	372.0,26.57
Kegalle,2020,6	417.0,26.11
Kegalle,2020,7	402.0,25.64
Kegalle,2020,8	369.0,25.77
Kegalle,2020,9	530.0,24.76
Kegalle,2021,1	224.0,24.58
Kegalle,2021,10	422.0,24.92
Kegalle,2021,11	459.0,24.15
Kegalle,2021,12	113.0,25.27
Kegalle,2021,2	54.0,26.36
Kegalle,2021,3	136.0,26.7
Kegalle,2021,4	234.0,26.5
Kegalle,2021,5	444.0,25.82
Kegalle,2021,6	496.0,25.43
Kegalle,2021,7	466.0,25.57
Kegalle,2021,8	518.0,25.07
Kegalle,2021,9	489.0,25.25
Kegalle,2022,1	97.0,25.71
Kegalle,2022,10	425.0,24.38
Kegalle,2022,11	231.0,24.4
Kegalle,2022,12	232.0,24.15
Kegalle,2022,2	89.0,26.04
Kegalle,2022,3	130.0,26.69
Kegalle,2022,4	248.0,25.76
Kegalle,2022,5	476.0,25.5
Kegalle,2022,6	372.0,25.35
Kegalle,2022,7	314.0,25.51
Kegalle,2022,8	437.0,24.99
Kegalle,2022,9	323.0,25.22
Kegalle,2023,1	115.0,24.19
Kegalle,2023,10	351.0,24.83
Kegalle,2023,11	346.0,24.74
Kegalle,2023,12	279.0,25.24
Kegalle,2023,2	108.0,25.1
Kegalle,2023,3	129.0,26.4
Kegalle,2023,4	145.0,26.78
Kegalle,2023,5	304.0,26.42
Kegalle,2023,6	348.0,26.12
Kegalle,2023,7	350.0,25.89
Kegalle,2023,8	212.0,26.95
Kegalle,2023,9	437.0,24.95
Kegalle,2024,1	172.0,25.21
Kegalle,2024,2	40.0,27.19
Kegalle,2024,3	71.0,28.29
Kegalle,2024,4	132.0,28.12
Kegalle,2024,5	424.0,26.66
Kegalle,2024,6	89.0,26.24
Kilinochchi[1],2014,1	256.0,24.66
Kilinochchi[1],2014,10	320.0,26.93
Kilinochchi[1],2014,11	436.0,25.69
Kilinochchi[1],2014,12	503.0,25.01
Kilinochchi[1],2014,2	76.0,25.68
Kilinochchi[1],2014,3	36.0,27.62
Kilinochchi[1],2014,4	35.0,29.27
Kilinochchi[1],2014,5	108.0,28.89
Kilinochchi[1],2014,6	10.0,30.38
Kilinochchi[1],2014,7	17.0,29.83
Kilinochchi[1],2014,8	94.0,28.67
Kilinochchi[1],2014,9	86.0,28.93
Kilinochchi[1],2015,1	100.0,25.26
Kilinochchi[1],2015,10	290.0,27.21
Kilinochchi[1],2015,11	449.0,26.06
Kilinochchi[1],2015,12	373.0,25.96
Kilinochchi[1],2015,2	163.0,25.51
Kilinochchi[1],2015,3	86.0,27.34
Kilinochchi[1],2015,4	108.0,28.32
Kilinochchi[1],2015,5	115.0,28.49
Kilinochchi[1],2015,6	39.0,29.27
Kilinochchi[1],2015,7	50.0,29.36
Kilinochchi[1],2015,8	50.0,29.16
Kilinochchi[1],2015,9	100.0,28.57
Kilinochchi[1],2016,1	104.0,25.84
Kilinochchi[1],2016,10	65.0,28.57
Kilinochchi[1],2016,11	314.0,26.27
Kilinochchi[1],2016,12	203.0,25.44
Kilinochchi[1],2016,2	92.0,26.82
Kilinochchi[1],2016,3	46.0,28.38
Kilinochchi[1],2016,4	24.0,30.45
Kilinochchi[1],2016,5	125.0,29.28
Kilinochchi[1],2016,6	43.0,29.15
Kilinochchi[1],2016,7	63.0,29.16
Kilinochchi[1],2016,8	39.0,29.33
Kilinochchi[1],2016,9	11.0,29.09
Kilinochchi[1],2017,1	204.0,25.09
Kilinochchi[1],2017,10	217.0,27.94
Kilinochchi[1],2017,11	387.0,26.03
Kilinochchi[1],2017,12	217.0,25.56
Kilinochchi[1],2017,2	69.0,25.05
Kilinochchi[1],2017,3	142.0,26.94
Kilinochchi[1],2017,4	22.0,30.1
Kilinochchi[1],2017,5	57.0,30.09
Kilinochchi[1],2017,6	41.0,30.01
Kilinochchi[1],2017,7	50.0,30.39
Kilinochchi[1],2017,8	113.0,29.23
Kilinochchi[1],2017,9	113.0,28.38
Kilinochchi[1],2018,1	70.0,24.88
Kilinochchi[1],2018,10	427.0,26.4
Kilinochchi[1],2018,11	371.0,25.81
Kilinochchi[1],2018,12	264.0,25.62
Kilinochchi[1],2018,2	75.0,25.7
Kilinochchi[1],2018,3	84.0,27.45
Kilinochchi[1],2018,4	98.0,29.08
Kilinochchi[1],2018,5	121.0,28.75
Kilinochchi[1],2018,6	41.0,29.45
Kilinochchi[1],2018,7	35.0,29.62
Kilinochchi[1],2018,8	41.0,29.23
Kilinochchi[1],2018,9	115.0,28.61
Kilinochchi[1],2019,1	49.0,25.15
Kilinochchi[1],2019,10	362.0,26.59
Kilinochchi[1],2019,11	330.0,26.76
Kilinochchi[1],2019,12	397.0,25.85
Kilinochchi[1],2019,2	128.0,26.57
Kilinochchi[1],2019,3	29.0,28.0
Kilinochchi[1],2019,4	66.0,29.37
Kilinochchi[1],2019,5	25.0,30.76
Kilinochchi[1],2019,6	24.0,30.62
Kilinochchi[1],2019,7	40.0,29.87
Kilinochchi[1],2019,8	97.0,29.03
Kilinochchi[1],2019,9	131.0,28.69
Kilinochchi[1],2020,1	133.0,25.85
Kilinochchi[1],2020,10	90.0,29.03
Kilinochchi[1],2020,11	400.0,26.69
Kilinochchi[1],2020,12	410.0,25.35
Kilinochchi[1],2020,2	71.0,26.35
Kilinochchi[1],2020,3	27.0,27.26
Kilinochchi[1],2020,4	118.0,29.17
Kilinochchi[1],2020,5	101.0,29.81
Kilinochchi[1],2020,6	72.0,29.94
Kilinochchi[1],2020,7	119.0,29.0
Kilinochchi[1],2020,8	53.0,29.39
Kilinochchi[1],2020,9	122.0,28.63
Kilinochchi[1],2021,1	344.0,25.33
Kilinochchi[1],2021,10	313.0,26.99
Kilinochchi[1],2021,11	430.0,25.7
Kilinochchi[1],2021,12	202.0,25.75
Kilinochchi[1],2021,2	122.0,25.26
Kilinochchi[1],2021,3	83.0,27.2
Kilinochchi[1],2021,4	120.0,28.58
Kilinochchi[1],2021,5	128.0,28.79
Kilinochchi[1],2021,6	74.0,29.24
Kilinochchi[1],2021,7	57.0,29.45
Kilinochchi[1],2021,8	73.0,29.03
Kilinochchi[1],2021,9	119.0,29.08
Kilinochchi[1],2022,1	162.0,25.35
Kilinochchi[1],2022,10	263.0,26.81
Kilinochchi[1],2022,11	248.0,25.78
Kilinochchi[1],2022,12	302.0,25.4
Kilinochchi[1],2022,2	114.0,25.46
Kilinochchi[1],2022,3	68.0,27.28
Kilinochchi[1],2022,4	192.0,27.55
Kilinochchi[1],2022,5	59.0,29.3
Kilinochchi[1],2022,6	63.0,29.28
Kilinochchi[1],2022,7	63.0,29.11
Kilinochchi[1],2022,8	131.0,28.4
Kilinochchi[1],2022,9	64.0,28.24
Kilinochchi[1],2023,1	143.0,24.81
Kilinochchi[1],2023,10	201.0,27.49
Kilinochchi[1],2023,11	454.0,25.96
Kilinochchi[1],2023,12	433.0,25.92
Kilinochchi[1],2023,2	136.0,25.19
Kilinochchi[1],2023,3	91.0,27.21
Kilinochchi[1],2023,4	92.0,28.76
Kilinochchi[1],2023,5	107.0,28.9
Kilinochchi[1],2023,6	58.0,30.06
Kilinochchi[1],2023,7	49.0,30.05
Kilinochchi[1],2023,8	33.0,30.18
Kilinochchi[1],2023,9	115.0,29.32
Kilinochchi[1],2024,1	143.0,25.89
Kilinochchi[1],2024,2	43.0,27.29
Kilinochchi[1],2024,3	31.0,28.15
Kilinochchi[1],2024,4	84.0,30.58
Kilinochchi[1],2024,5	207.0,29.49
Kilinochchi[1],2024,6	37.0,28.6
Kurunegala,2014,1	106.0,24.36
Kurunegala,2014,10	358.0,24.92
Kurunegala,2014,11	276.0,24.46
Kurunegala,2014,12	342.0,24.24
Kurunegala,2014,2	27.0,25.85
Kurunegala,2014,3	30.0,28.01
Kurunegala,2014,4	194.0,26.63
Kurunegala,2014,5	238.0,26.2
Kurunegala,2014,6	293.0,25.98
Kurunegala,2014,7	342.0,25.54
Kurunegala,2014,8	317.0,25.19
Kurunegala,2014,9	331.0,25.21
Kurunegala,2015,1	21.0,25.23
Kurunegala,2015,10	372.0,25.28
Kurunegala,2015,11	307.0,24.95
Kurunegala,2015,12	204.0,25.32
Kurunegala,2015,2	61.0,25.53
Kurunegala,2015,3	88.0,26.99
Kurunegala,2015,4	213.0,26.31
Kurunegala,2015,5	247.0,26.25
Kurunegala,2015,6	300.0,25.99
Kurunegala,2015,7	277.0,25.68
Kurunegala,2015,8	268.0,25.75
Kurunegala,2015,9	299.0,25.51
Kurunegala,2016,1	19.0,25.91
Kurunegala,2016,10	165.0,26.0
Kurunegala,2016,11	209.0,25.15
Kurunegala,2016,12	89.0,25.16
Kurunegala,2016,2	29.0,27.39
Kurunegala,2016,3	50.0,29.3
Kurunegala,2016,4	111.0,28.74
Kurunegala,2016,5	388.0,26.18
Kurunegala,2016,6	381.0,25.63
Kurunegala,2016,7	267.0,25.59
Kurunegala,2016,8	247.0,25.64
Kurunegala,2016,9	228.0,25.58
Kurunegala,2017,1	99.0,25.57
Kurunegala,2017,10	327.0,25.33
Kurunegala,2017,11	295.0,25.0
Kurunegala,2017,12	128.0,25.05
Kurunegala,2017,2	49.0,26.21
Kurunegala,2017,3	125.0,26.98
Kurunegala,2017,4	131.0,27.94
Kurunegala,2017,5	303.0,26.89
Kurunegala,2017,6	329.0,25.95
Kurunegala,2017,7	284.0,26.5
Kurunegala,2017,8	357.0,25.74
Kurunegala,2017,9	279.0,25.51
Kurunegala,2018,1	42.0,24.9
Kurunegala,2018,10	415.0,25.0
Kurunegala,2018,11	284.0,25.09
Kurunegala,2018,12	119.0,24.97
Kurunegala,2018,2	50.0,26.38
Kurunegala,2018,3	147.0,27.33
Kurunegala,2018,4	163.0,27.04
Kurunegala,2018,5	305.0,26.02
Kurunegala,2018,6	516.0,25.41
Kurunegala,2018,7	401.0,25.66
Kurunegala,2018,8	403.0,25.51
Kurunegala,2018,9	238.0,25.96
Kurunegala,2019,1	38.0,25.5
Kurunegala,2019,10	392.0,24.97
Kurunegala,2019,11	246.0,25.55
Kurunegala,2019,12	200.0,25.31
Kurunegala,2019,2	145.0,26.02
Kurunegala,2019,3	66.0,27.99
Kurunegala,2019,4	196.0,28.01
Kurunegala,2019,5	202.0,27.52
Kurunegala,2019,6	377.0,26.87
Kurunegala,2019,7	289.0,26.64
Kurunegala,2019,8	491.0,25.49
Kurunegala,2019,9	363.0,25.46
Kurunegala,2020,1	61.0,25.86
Kurunegala,2020,10	390.0,25.64
Kurunegala,2020,11	269.0,25.53
Kurunegala,2020,12	316.0,24.8
Kurunegala,2020,2	35.0,26.99
Kurunegala,2020,3	116.0,28.69
Kurunegala,2020,4	199.0,27.72
Kurunegala,2020,5	333.0,26.94
Kurunegala,2020,6	358.0,26.51
Kurunegala,2020,7	323.0,25.98
Kurunegala,2020,8	321.0,26.11
Kurunegala,2020,9	488.0,25.1
Kurunegala,2021,1	224.0,24.76
Kurunegala,2021,10	381.0,25.26
Kurunegala,2021,11	433.0,24.41
Kurunegala,2021,12	103.0,25.29
Kurunegala,2021,2	56.0,25.85
Kurunegala,2021,3	104.0,26.9
Kurunegala,2021,4	221.0,26.9
Kurunegala,2021,5	405.0,26.06
Kurunegala,2021,6	399.0,25.75
Kurunegala,2021,7	405.0,25.92
Kurunegala,2021,8	421.0,25.47
Kurunegala,2021,9	405.0,25.62
Kurunegala,2022,1	91.0,25.67
Kurunegala,2022,10	351.0,24.76
Kurunegala,2022,11	196.0,24.73
Kurunegala,2022,12	228.0,24.35
Kurunegala,2022,2	80.0,25.91
Kurunegala,2022,3	115.0,26.95
Kurunegala,2022,4	218.0,26.1
Kurunegala,2022,5	393.0,25.98
Kurunegala,2022,6	276.0,25.82
Kurunegala,2022,7	261.0,25.95
Kurunegala,2022,8	369.0,25.47
Kurunegala,2022,9	241.0,25.66
Kurunegala,2023,1	92.0,24.24
Kurunegala,2023,10	332.0,25.19
Kurunegala,2023,11	345.0,25.06
Kurunegala,2023,12	267.0,25.44
Kurunegala,2023,2	93.0,25.12
Kurunegala,2023,3	115.0,26.74
Kurunegala,2023,4	134.0,27.31
Kurunegala,2023,5	240.0,26.76
Kurunegala,2023,6	248.0,26.65
Kurunegala,2023,7	277.0,26.3
Kurunegala,2023,8	103.0,27.53
Kurunegala,2023,9	359.0,25.33
Kurunegala,2024,1	157.0,25.34
Kurunegala,2024,2	48.0,27.35
Kurunegala,2024,3	61.0,28.68
Kurunegala,2024,4	145.0,28.53
Kurunegala,2024,5	373.0,26.97
Kurunegala,2024,6	70.0,26.58
Mannar,2014,1	193.0,24.96
Mannar,2014,10	340.0,26.85
Mannar,2014,11	359.0,25.86
Mannar,2014,12	391.0,25.2
Mannar,2014,2	19.0,26.34
Mannar,2014,3	11.0,28.39
Mannar,2014,4	113.0,28.94
Mannar,2014,5	151.0,28.58
Mannar,2014,6	20.0,29.16
Mannar,2014,7	16.0,28.64
Mannar,2014,8	79.0,27.99
Mannar,2014,9	134.0,27.88
Mannar,2015,1	47.0,25.5
Mannar,2015,10	342.0,27.08
Mannar,2015,11	420.0,26.18
Mannar,2015,12	295.0,26.08
Mannar,2015,2	89.0,25.8
Mannar,2015,3	57.0,27.52
Mannar,2015,4	187.0,28.19
Mannar,2015,5	240.0,28.23
Mannar,2015,6	97.0,28.67
Mannar,2015,7	54.0,28.51
Mannar,2015,8	83.0,28.3
Mannar,2015,9	167.0,27.96
Mannar,2016,1	61.0,26.07
Mannar,2016,10	119.0,27.89
Mannar,2016,11	231.0,26.43
Mannar,2016,12	135.0,25.94
Mannar,2016,2	51.0,27.19
Mannar,2016,3	12.0,28.85
Mannar,2016,4	106.0,29.9
Mannar,2016,5	206.0,28.82
Mannar,2016,6	109.0,28.55
Mannar,2016,7	54.0,28.23
Mannar,2016,8	43.0,28.34
Mannar,2016,9	19.0,27.91
Mannar,2017,1	161.0,25.61
Mannar,2017,10	264.0,27.87
Mannar,2017,11	336.0,26.26
Mannar,2017,12	156.0,25.84
Mannar,2017,2	39.0,25.99
Mannar,2017,3	138.0,28.12
Mannar,2017,4	45.0,30.06
Mannar,2017,5	84.0,29.85
Mannar,2017,6	96.0,29.09
Mannar,2017,7	61.0,29.27
Mannar,2017,8	127.0,28.67
Mannar,2017,9	161.0,28.14
Mannar,2018,1	75.0,25.39
Mannar,2018,10	391.0,26.52
Mannar,2018,11	330.0,25.88
Mannar,2018,12	184.0,25.81
Mannar,2018,2	78.0,26.32
Mannar,2018,3	84.0,28.15
Mannar,2018,4	138.0,29.13
Mannar,2018,5	203.0,28.58
Mannar,2018,6	75.0,28.59
Mannar,2018,7	34.0,28.36
Mannar,2018,8	35.0,27.82
Mannar,2018,9	96.0,27.9
Mannar,2019,1	64.0,25.47
Mannar,2019,10	329.0,26.62
Mannar,2019,11	261.0,26.84
Mannar,2019,12	269.0,26.07
Mannar,2019,2	113.0,26.73
Mannar,2019,3	39.0,28.51
Mannar,2019,4	124.0,29.48
Mannar,2019,5	44.0,30.11
Mannar,2019,6	73.0,29.7
Mannar,2019,7	97.0,29.04
Mannar,2019,8	127.0,28.55
Mannar,2019,9	198.0,28.07
Mannar,2020,1	75.0,26.66
Mannar,2020,10	125.0,28.53
Mannar,2020,11	315.0,26.81
Mannar,2020,12	336.0,25.49
Mannar,2020,2	26.0,27.64
Mannar,2020,3	47.0,28.64
Mannar,2020,4	132.0,29.67
Mannar,2020,5	160.0,29.97
Mannar,2020,6	126.0,29.47
Mannar,2020,7	143.0,28.66
Mannar,2020,8	49.0,28.41
Mannar,2020,9	183.0,28.11
Mannar,2021,1	257.0,25.43
Mannar,2021,10	338.0,27.12
Mannar,2021,11	442.0,26.04
Mannar,2021,12	127.0,26.03
Mannar,2021,2	68.0,25.89
Mannar,2021,3	84.0,28.04
Mannar,2021,4	137.0,29.11
Mannar,2021,5	219.0,28.87
Mannar,2021,6	108.0,28.91
Mannar,2021,7	90.0,28.83
Mannar,2021,8	98.0,28.35
Mannar,2021,9	111.0,28.54
Mannar,2022,1	122.0,26.22
Mannar,2022,10	289.0,27.05
Mannar,2022,11	235.0,26.11
Mannar,2022,12	243.0,25.97
Mannar,2022,2	94.0,26.08
Mannar,2022,3	100.0,28.17
Mannar,2022,4	251.0,27.81
Mannar,2022,5	149.0,29.37
Mannar,2022,6	86.0,28.82
Mannar,2022,7	79.0,28.61
Mannar,2022,8	125.0,27.91
Mannar,2022,9	95.0,27.8
Mannar,2023,1	111.0,25.47
Mannar,2023,10	269.0,27.61
Mannar,2023,11	393.0,26.19
Mannar,2023,12	311.0,26.42
Mannar,2023,2	115.0,25.95
Mannar,2023,3	134.0,28.25
Mannar,2023,4	137.0,29.16
Mannar,2023,5	143.0,29.23
Mannar,2023,6	88.0,29.54
Mannar,2023,7	40.0,28.84
Mannar,2023,8	19.0,28.95
Mannar,2023,9	151.0,28.56
Mannar,2024,1	141.0,26.33
Mannar,2024,2	69.0,28.14
Mannar,2024,3	41.0,28.94
Mannar,2024,4	112.0,30.33
Mannar,2024,5	258.0,29.39
Mannar,2024,6	76.0,28.54
Matale,2014,1	135.0,23.03
Matale,2014,10	318.0,24.64
Matale,2014,11	305.0,23.71
Matale,2014,12	391.0,23.32
Matale,2014,2	44.0,23.96
Matale,2014,3	40.0,25.92
Matale,2014,4	180.0,26.6
Matale,2014,5	168.0,25.87
Matale,2014,6	251.0,25.99
Matale,2014,7	293.0,25.6
Matale,2014,8	216.0,25.31
Matale,2014,9	239.0,25.35
Matale,2015,1	41.0,23.8
Matale,2015,10	361.0,24.96
Matale,2015,11	316.0,24.22
Matale,2015,12	240.0,24.21
Matale,2015,2	121.0,23.72
Matale,2015,3	92.0,25.27
Matale,2015,4	227.0,25.71
Matale,2015,5	150.0,25.89
Matale,2015,6	157.0,26.0
Matale,2015,7	215.0,25.67
Matale,2015,8	190.0,25.83
Matale,2015,9	186.0,25.56
Matale,2016,1	55.0,24.18
Matale,2016,10	104.0,25.96
Matale,2016,11	216.0,24.27
Matale,2016,12	115.0,24.01
Matale,2016,2	45.0,25.31
Matale,2016,3	62.0,27.44
Matale,2016,4	103.0,28.05
Matale,2016,5	316.0,25.92
Matale,2016,6	264.0,25.52
Matale,2016,7	200.0,25.62
Matale,2016,8	187.0,25.67
Matale,2016,9	132.0,25.77
Matale,2017,1	113.0,23.86
Matale,2017,10	347.0,24.12
Matale,2017,11	309.0,23.76
Matale,2017,12	116.0,23.59
Matale,2017,2	57.0,24.49
Matale,2017,3	133.0,25.62
Matale,2017,4	138.0,26.74
Matale,2017,5	343.0,25.46
Matale,2017,6	385.0,24.67
Matale,2017,7	340.0,25.03
Matale,2017,8	376.0,24.35
Matale,2017,9	320.0,24.2
Matale,2018,1	52.0,23.33
Matale,2018,10	398.0,23.74
Matale,2018,11	307.0,23.87
Matale,2018,12	148.0,23.44
Matale,2018,2	70.0,24.75
Matale,2018,3	155.0,25.92
Matale,2018,4	178.0,25.56
Matale,2018,5	340.0,24.68
Matale,2018,6	510.0,24.11
Matale,2018,7	443.0,24.16
Matale,2018,8	421.0,23.86
Matale,2018,9	269.0,24.5
Matale,2019,1	47.0,23.61
Matale,2019,10	429.0,23.79
Matale,2019,11	264.0,24.33
Matale,2019,12	209.0,23.93
Matale,2019,2	149.0,24.49
Matale,2019,3	78.0,26.31
Matale,2019,4	200.0,26.57
Matale,2019,5	205.0,26.17
Matale,2019,6	353.0,25.62
Matale,2019,7	307.0,25.18
Matale,2019,8	463.0,24.16
Matale,2019,9	340.0,24.25
Matale,2020,1	63.0,24.22
Matale,2020,10	414.0,24.19
Matale,2020,11	307.0,24.26
Matale,2020,12	332.0,23.5
Matale,2020,2	48.0,25.2
Matale,2020,3	97.0,26.95
Matale,2020,4	238.0,26.33
Matale,2020,5	332.0,25.64
Matale,2020,6	361.0,25.12
Matale,2020,7	326.0,24.64
Matale,2020,8	325.0,24.58
Matale,2020,9	483.0,23.8
Matale,2021,1	239.0,23.47
Matale,2021,10	385.0,23.98
Matale,2021,11	435.0,23.24
Matale,2021,12	109.0,23.83
Matale,2021,2	67.0,24.27
Matale,2021,3	129.0,25.44
Matale,2021,4	228.0,25.43
Matale,2021,5	404.0,24.73
Matale,2021,6	394.0,24.41
Matale,2021,7	421.0,24.46
Matale,2021,8	416.0,24.04
Matale,2021,9	396.0,24.24
Matale,2022,1	81.0,24.17
Matale,2022,10	366.0,23.43
Matale,2022,11	217.0,23.42
Matale,2022,12	246.0,23.02
Matale,2022,2	86.0,24.19
Matale,2022,3	140.0,25.31
Matale,2022,4	246.0,24.72
Matale,2022,5	401.0,24.7
Matale,2022,6	302.0,24.48
Matale,2022,7	306.0,24.45
Matale,2022,8	394.0,23.92
Matale,2022,9	273.0,24.17
Matale,2023,1	100.0,22.73
Matale,2023,10	335.0,24.04
Matale,2023,11	363.0,23.98
Matale,2023,12	297.0,24.22
Matale,2023,2	100.0,23.61
Matale,2023,3	131.0,25.37
Matale,2023,4	155.0,25.91
Matale,2023,5	270.0,25.44
Matale,2023,6	261.0,25.49
Matale,2023,7	275.0,24.97
Matale,2023,8	136.0,26.08
Matale,2023,9	350.0,24.25
Matale,2024,1	173.0,23.94
Matale,2024,2	53.0,25.55
Matale,2024,3	60.0,27.04
Matale,2024,4	176.0,27.51
Matale,2024,5	372.0,25.71
Matale,2024,6	80.0,25.36
Matara,2014,1	144.0,25.95
Matara,2014,10	465.0,25.95
Matara,2014,11	345.0,25.86
Matara,2014,12	342.0,25.67
Matara,2014,2	54.0,26.56
Matara,2014,3	76.0,27.84
Matara,2014,4	252.0,27.29
Matara,2014,5	360.0,27.07
Matara,2014,6	355.0,27.05
Matara,2014,7	388.0,26.55
Matara,2014,8	393.0,26.05
Matara,2014,9	465.0,25.93
Matara,2015,1	140.0,25.87
Matara,2015,10	420.0,26.24
Matara,2015,11	387.0,26.15
Matara,2015,12	283.0,26.32
Matara,2015,2	122.0,26.18
Matara,2015,3	133.0,27.12
Matara,2015,4	260.0,27.19
Matara,2015,5	451.0,27.1
Matara,2015,6	336.0,27.08
Matara,2015,7	346.0,26.78
Matara,2015,8	438.0,26.44
Matara,2015,9	468.0,26.16
Matara,2016,1	83.0,26.81
Matara,2016,10	298.0,26.34
Matara,2016,11	344.0,25.93
Matara,2016,12	205.0,25.93
Matara,2016,2	107.0,27.4
Matara,2016,3	127.0,28.58
Matara,2016,4	253.0,28.25
Matara,2016,5	513.0,27.2
Matara,2016,6	420.0,26.83
Matara,2016,7	309.0,26.5
Matara,2016,8	359.0,26.52
Matara,2016,9	331.0,26.3
Matara,2017,1	152.0,25.88
Matara,2017,10	479.0,26.79
Matara,2017,11	367.0,26.35
Matara,2017,12	147.0,26.25
Matara,2017,2	125.0,26.33
Matara,2017,3	233.0,26.95
Matara,2017,4	287.0,27.83
Matara,2017,5	460.0,27.6
Matara,2017,6	485.0,27.04
Matara,2017,7	476.0,27.3
Matara,2017,8	487.0,26.9
Matara,2017,9	460.0,26.77
Matara,2018,1	137.0,25.9
Matara,2018,10	382.0,26.21
Matara,2018,11	311.0,26.33
Matara,2018,12	135.0,26.21
Matara,2018,2	116.0,26.31
Matara,2018,3	215.0,27.01
Matara,2018,4	309.0,27.24
Matara,2018,5	544.0,27.14
Matara,2018,6	537.0,26.8
Matara,2018,7	400.0,26.61
Matara,2018,8	315.0,26.1
Matara,2018,9	296.0,26.63
Matara,2019,1	96.0,25.84
Matara,2019,10	475.0,26.16
Matara,2019,11	374.0,26.47
Matara,2019,12	215.0,26.47
Matara,2019,2	144.0,26.7
Matara,2019,3	123.0,27.17
Matara,2019,4	234.0,27.77
Matara,2019,5	491.0,27.82
Matara,2019,6	471.0,27.93
Matara,2019,7	374.0,27.45
Matara,2019,8	591.0,26.88
Matara,2019,9	559.0,26.51
Matara,2020,1	53.0,26.84
Matara,2020,10	299.0,26.92
Matara,2020,11	300.0,26.67
Matara,2020,12	227.0,26.28
Matara,2020,2	48.0,27.13
Matara,2020,3	66.0,27.51
Matara,2020,4	221.0,27.78
Matara,2020,5	452.0,27.81
Matara,2020,6	363.0,27.6
Matara,2020,7	375.0,26.97
Matara,2020,8	295.0,26.99
Matara,2020,9	518.0,26.54
Matara,2021,1	219.0,25.85
Matara,2021,10	331.0,26.77
Matara,2021,11	404.0,26.26
Matara,2021,12	201.0,26.14
Matara,2021,2	96.0,26.28
Matara,2021,3	200.0,26.74
Matara,2021,4	255.0,27.47
Matara,2021,5	373.0,27.53
Matara,2021,6	383.0,27.19
Matara,2021,7	410.0,26.89
Matara,2021,8	455.0,26.58
Matara,2021,9	481.0,26.79
Matara,2022,1	119.0,25.83
Matara,2022,10	377.0,26.23
Matara,2022,11	211.0,26.11
Matara,2022,12	207.0,25.81
Matara,2022,2	83.0,26.37
Matara,2022,3	135.0,27.12
Matara,2022,4	220.0,27.23
Matara,2022,5	490.0,27.14
Matara,2022,6	368.0,26.84
Matara,2022,7	210.0,26.75
Matara,2022,8	355.0,26.26
Matara,2022,9	250.0,26.51
Matara,2023,1	110.0,25.38
Matara,2023,10	455.0,26.23
Matara,2023,11	351.0,26.23
Matara,2023,12	341.0,26.53
Matara,2023,2	109.0,25.97
Matara,2023,3	129.0,26.65
Matara,2023,4	156.0,27.46
Matara,2023,5	284.0,27.73
Matara,2023,6	366.0,27.35
Matara,2023,7	331.0,26.97
Matara,2023,8	220.0,27.42
Matara,2023,9	548.0,26.78
Matara,2024,1	178.0,26.45
Matara,2024,2	66.0,27.64
Matara,2024,3	91.0,27.6
Matara,2024,4	159.0,28.25
Matara,2024,5	443.0,27.91
Matara,2024,6	140.0,27.53
Moneragala,2014,1	229.0,23.64
Moneragala,2014,10	286.0,25.28
Moneragala,2014,11	324.0,24.42
Moneragala,2014,12	400.0,23.95
Moneragala,2014,2	112.0,24.05
Moneragala,2014,3	98.0,25.52
Moneragala,2014,4	114.0,26.63
Moneragala,2014,5	133.0,27.06
Moneragala,2014,6	61.0,28.24
Moneragala,2014,7	34.0,28.31
Moneragala,2014,8	115.0,27.13
Moneragala,2014,9	120.0,27.29
Moneragala,2015,1	107.0,24.1
Moneragala,2015,10	328.0,25.51
Moneragala,2015,11	315.0,24.81
Moneragala,2015,12	403.0,24.45
Moneragala,2015,2	204.0,23.88
Moneragala,2015,3	157.0,24.72
Moneragala,2015,4	189.0,25.52
Moneragala,2015,5	135.0,26.52
Moneragala,2015,6	85.0,27.32
Moneragala,2015,7	69.0,27.93
Moneragala,2015,8	82.0,27.62
Moneragala,2015,9	134.0,27.05
Moneragala,2016,1	126.0,24.53
Moneragala,2016,10	112.0,27.63
Moneragala,2016,11	252.0,24.78
Moneragala,2016,12	154.0,24.5
Moneragala,2016,2	158.0,25.17
Moneragala,2016,3	127.0,26.55
Moneragala,2016,4	82.0,27.48
Moneragala,2016,5	216.0,26.79
Moneragala,2016,6	50.0,27.94
Moneragala,2016,7	73.0,28.42
Moneragala,2016,8	47.0,28.12
Moneragala,2016,9	33.0,28.21
Moneragala,2017,1	150.0,24.79
Moneragala,2017,10	155.0,27.22
Moneragala,2017,11	313.0,24.88
Moneragala,2017,12	172.0,24.89
Moneragala,2017,2	133.0,24.95
Moneragala,2017,3	187.0,25.95
Moneragala,2017,4	86.0,28.2
Moneragala,2017,5	112.0,28.41
Moneragala,2017,6	65.0,29.03
Moneragala,2017,7	57.0,29.6
Moneragala,2017,8	69.0,28.81
Moneragala,2017,9	91.0,27.81
Moneragala,2018,1	108.0,24.73
Moneragala,2018,10	362.0,24.97
Moneragala,2018,11	354.0,24.82
Moneragala,2018,12	205.0,24.55
Moneragala,2018,2	121.0,25.14
Moneragala,2018,3	213.0,25.76
Moneragala,2018,4	226.0,26.09
Moneragala,2018,5	174.0,26.1
Moneragala,2018,6	71.0,27.51
Moneragala,2018,7	77.0,28.76
Moneragala,2018,8	59.0,28.87
Moneragala,2018,9	130.0,28.24
Moneragala,2019,1	93.0,24.83
Moneragala,2019,10	395.0,24.69
Moneragala,2019,11	363.0,24.99
Moneragala,2019,12	397.0,24.65
Moneragala,2019,2	244.0,25.43
Moneragala,2019,3	135.0,26.95
Moneragala,2019,4	205.0,27.47
Moneragala,2019,5	71.0,28.94
Moneragala,2019,6	69.0,29.59
Moneragala,2019,7	49.0,29.15
Moneragala,2019,8	72.0,27.85
Moneragala,2019,9	207.0,27.04
Moneragala,2020,1	200.0,25.03
Moneragala,2020,10	86.0,28.72
Moneragala,2020,11	341.0,25.52
Moneragala,2020,12	292.0,24.97
Moneragala,2020,2	123.0,25.62
Moneragala,2020,3	81.0,27.15
Moneragala,2020,4	243.0,27.32
Moneragala,2020,5	135.0,27.45
Moneragala,2020,6	63.0,28.92
Moneragala,2020,7	90.0,27.8
Moneragala,2020,8	64.0,28.77
Moneragala,2020,9	97.0,27.7
Moneragala,2021,1	329.0,24.4
Moneragala,2021,10	164.0,26.49
Moneragala,2021,11	309.0,24.72
Moneragala,2021,12	191.0,24.88
Moneragala,2021,2	144.0,25.16
Moneragala,2021,3	205.0,25.62
Moneragala,2021,4	149.0,26.6
Moneragala,2021,5	188.0,26.81
Moneragala,2021,6	79.0,28.27
Moneragala,2021,7	82.0,28.48
Moneragala,2021,8	120.0,28.29
Moneragala,2021,9	97.0,28.17
Moneragala,2022,1	174.0,24.69
Moneragala,2022,10	219.0,25.78
Moneragala,2022,11	244.0,24.71
Moneragala,2022,12	201.0,24.25
Moneragala,2022,2	99.0,25.51
Moneragala,2022,3	155.0,26.37
Moneragala,2022,4	180.0,25.88
Moneragala,2022,5	100.0,27.6
Moneragala,2022,6	82.0,27.82
Moneragala,2022,7	113.0,27.84
Moneragala,2022,8	141.0,26.74
Moneragala,2022,9	83.0,27.27
Moneragala,2023,1	162.0,24.22
Moneragala,2023,10	320.0,25.15
Moneragala,2023,11	364.0,24.75
Moneragala,2023,12	350.0,24.76
Moneragala,2023,2	173.0,24.6
Moneragala,2023,3	193.0,25.49
Moneragala,2023,4	163.0,26.59
Moneragala,2023,5	104.0,27.2
Moneragala,2023,6	74.0,29.17
Moneragala,2023,7	97.0,28.7
Moneragala,2023,8	67.0,29.77
Moneragala,2023,9	139.0,26.94
Moneragala,2024,1	225.0,24.79
Moneragala,2024,2	131.0,26.24
Moneragala,2024,3	108.0,27.13
Moneragala,2024,4	167.0,27.8
Moneragala,2024,5	179.0,27.64
Moneragala,2024,6	43.0,27.31
Mullaitivu,2014,1	323.0,24.87
Mullaitivu,2014,10	295.0,26.93
Mullaitivu,2014,11	428.0,25.75
Mullaitivu,2014,12	538.0,25.05
Mullaitivu,2014,2	93.0,25.78
Mullaitivu,2014,3	33.0,27.38
Mullaitivu,2014,4	47.0,28.81
Mullaitivu,2014,5	117.0,28.93
Mullaitivu,2014,6	22.0,30.4
Mullaitivu,2014,7	29.0,29.93
Mullaitivu,2014,8	99.0,28.51
Mullaitivu,2014,9	96.0,28.7
Mullaitivu,2015,1	117.0,25.55
Mullaitivu,2015,10	283.0,27.05
Mullaitivu,2015,11	444.0,25.99
Mullaitivu,2015,12	396.0,26.06
Mullaitivu,2015,2	209.0,25.6
Mullaitivu,2015,3	117.0,27.12
Mullaitivu,2015,4	127.0,28.06
Mullaitivu,2015,5	100.0,28.52
Mullaitivu,2015,6	43.0,29.35
Mullaitivu,2015,7	46.0,29.6
Mullaitivu,2015,8	50.0,29.25
Mullaitivu,2015,9	113.0,28.33
Mullaitivu,2016,1	155.0,26.13
Mullaitivu,2016,10	58.0,28.64
Mullaitivu,2016,11	332.0,26.25
Mullaitivu,2016,12	227.0,25.53
Mullaitivu,2016,2	132.0,26.85
Mullaitivu,2016,3	48.0,28.06
Mullaitivu,2016,4	30.0,29.99
Mullaitivu,2016,5	141.0,29.13
Mullaitivu,2016,6	38.0,29.3
Mullaitivu,2016,7	59.0,29.12
Mullaitivu,2016,8	52.0,29.12
Mullaitivu,2016,9	19.0,29.23
Mullaitivu,2017,1	263.0,25.28
Mullaitivu,2017,10	215.0,27.98
Mullaitivu,2017,11	464.0,26.3
Mullaitivu,2017,12	279.0,25.98
Mullaitivu,2017,2	90.0,25.53
Mullaitivu,2017,3	172.0,26.95
Mullaitivu,2017,4	20.0,29.23
Mullaitivu,2017,5	58.0,30.02
Mullaitivu,2017,6	39.0,30.46
Mullaitivu,2017,7	55.0,30.31
Mullaitivu,2017,8	95.0,28.86
Mullaitivu,2017,9	102.0,28.56
Mullaitivu,2018,1	131.0,25.26
Mullaitivu,2018,10	465.0,26.54
Mullaitivu,2018,11	453.0,26.2
Mullaitivu,2018,12	329.0,26.01
Mullaitivu,2018,2	175.0,25.68
Mullaitivu,2018,3	102.0,27.17
Mullaitivu,2018,4	116.0,28.2
Mullaitivu,2018,5	120.0,28.16
Mullaitivu,2018,6	28.0,29.73
Mullaitivu,2018,7	49.0,29.61
Mullaitivu,2018,8	66.0,29.34
Mullaitivu,2018,9	105.0,28.49
Mullaitivu,2019,1	100.0,25.65
Mullaitivu,2019,10	367.0,26.61
Mullaitivu,2019,11	423.0,26.85
Mullaitivu,2019,12	473.0,26.29
Mullaitivu,2019,2	185.0,26.66
Mullaitivu,2019,3	31.0,27.73
Mullaitivu,2019,4	40.0,29.0
Mullaitivu,2019,5	37.0,30.55
Mullaitivu,2019,6	23.0,30.96
Mullaitivu,2019,7	45.0,29.99
Mullaitivu,2019,8	69.0,29.53
Mullaitivu,2019,9	147.0,28.51
Mullaitivu,2020,1	200.0,26.45
Mullaitivu,2020,10	113.0,28.91
Mullaitivu,2020,11	457.0,26.78
Mullaitivu,2020,12	490.0,25.71
Mullaitivu,2020,2	131.0,26.79
Mullaitivu,2020,3	59.0,27.48
Mullaitivu,2020,4	93.0,29.1
Mullaitivu,2020,5	114.0,29.57
Mullaitivu,2020,6	60.0,30.04
Mullaitivu,2020,7	116.0,28.87
Mullaitivu,2020,8	73.0,29.25
Mullaitivu,2020,9	120.0,28.6
Mullaitivu,2021,1	432.0,25.69
Mullaitivu,2021,10	271.0,27.25
Mullaitivu,2021,11	437.0,26.01
Mullaitivu,2021,12	258.0,26.29
Mullaitivu,2021,2	160.0,25.77
Mullaitivu,2021,3	119.0,27.44
Mullaitivu,2021,4	125.0,28.35
Mullaitivu,2021,5	155.0,28.78
Mullaitivu,2021,6	63.0,29.29
Mullaitivu,2021,7	71.0,29.38
Mullaitivu,2021,8	89.0,29.04
Mullaitivu,2021,9	115.0,28.75
Mullaitivu,2022,1	244.0,25.67
Mullaitivu,2022,10	268.0,26.81
Mullaitivu,2022,11	273.0,26.17
Mullaitivu,2022,12	339.0,25.71
Mullaitivu,2022,2	159.0,26.08
Mullaitivu,2022,3	87.0,27.2
Mullaitivu,2022,4	153.0,27.42
Mullaitivu,2022,5	43.0,29.31
Mullaitivu,2022,6	75.0,29.2
Mullaitivu,2022,7	75.0,28.82
Mullaitivu,2022,8	108.0,28.1
Mullaitivu,2022,9	89.0,28.17
Mullaitivu,2023,1	185.0,25.41
Mullaitivu,2023,10	210.0,27.12
Mullaitivu,2023,11	497.0,26.29
Mullaitivu,2023,12	503.0,26.29
Mullaitivu,2023,2	175.0,25.76
Mullaitivu,2023,3	133.0,27.1
Mullaitivu,2023,4	90.0,28.42
Mullaitivu,2023,5	114.0,28.78
Mullaitivu,2023,6	55.0,30.41
Mullaitivu,2023,7	49.0,30.02
Mullaitivu,2023,8	79.0,29.57
Mullaitivu,2023,9	88.0,28.92
Mullaitivu,2024,1	215.0,26.72
Mullaitivu,2024,2	85.0,27.61
Mullaitivu,2024,3	59.0,28.05
Mullaitivu,2024,4	78.0,29.41
Mullaitivu,2024,5	180.0,29.28
Mullaitivu,2024,6	48.0,28.75
Nuwara Eliya,2014,1	197.0,16.55
Nuwara Eliya,2014,10	357.0,17.39
Nuwara Eliya,2014,11	341.0,16.93
Nuwara Eliya,2014,12	417.0,16.85
Nuwara Eliya,2014,2	51.0,17.12
Nuwara Eliya,2014,3	99.0,17.9
Nuwara Eliya,2014,4	170.0,18.37
Nuwara Eliya,2014,5	241.0,18.56
Nuwara Eliya,2014,6	310.0,18.69
Nuwara Eliya,2014,7	326.0,18.4
Nuwara Eliya,2014,8	311.0,17.79
Nuwara Eliya,2014,9	334.0,17.83
Nuwara Eliya,2015,1	89.0,16.95
Nuwara Eliya,2015,10	399.0,17.55
Nuwara Eliya,2015,11	380.0,17.35
Nuwara Eliya,2015,12	303.0,17.29
Nuwara Eliya,2015,2	163.0,16.51
Nuwara Eliya,2015,3	131.0,17.53
Nuwara Eliya,2015,4	278.0,17.92
Nuwara Eliya,2015,5	271.0,18.55
Nuwara Eliya,2015,6	259.0,18.38
Nuwara Eliya,2015,7	305.0,18.26
Nuwara Eliya,2015,8	284.0,18.15
Nuwara Eliya,2015,9	347.0,17.89
Nuwara Eliya,2016,1	109.0,17.58
Nuwara Eliya,2016,10	255.0,17.67
Nuwara Eliya,2016,11	277.0,17.2
Nuwara Eliya,2016,12	128.0,17.04
Nuwara Eliya,2016,2	106.0,18.04
Nuwara Eliya,2016,3	61.0,19.67
Nuwara Eliya,2016,4	161.0,19.43
Nuwara Eliya,2016,5	420.0,18.78
Nuwara Eliya,2016,6	366.0,18.23
Nuwara Eliya,2016,7	292.0,18.19
Nuwara Eliya,2016,8	274.0,18.12
Nuwara Eliya,2016,9	236.0,18.08
Nuwara Eliya,2017,1	168.0,14.54
Nuwara Eliya,2017,10	322.0,15.6
Nuwara Eliya,2017,11	324.0,15.45
Nuwara Eliya,2017,12	228.0,15.13
Nuwara Eliya,2017,2	135.0,14.78
Nuwara Eliya,2017,3	172.0,15.7
Nuwara Eliya,2017,4	95.0,16.83
Nuwara Eliya,2017,5	342.0,16.72
Nuwara Eliya,2017,6	373.0,15.68
Nuwara Eliya,2017,7	350.0,15.57
Nuwara Eliya,2017,8	429.0,15.48
Nuwara Eliya,2017,9	285.0,15.38
Nuwara Eliya,2018,1	111.0,14.97
Nuwara Eliya,2018,10	387.0,15.67
Nuwara Eliya,2018,11	293.0,15.56
Nuwara Eliya,2018,12	180.0,15.18
Nuwara Eliya,2018,2	136.0,15.86
Nuwara Eliya,2018,3	191.0,16.02
Nuwara Eliya,2018,4	166.0,16.64
Nuwara Eliya,2018,5	341.0,16.37
Nuwara Eliya,2018,6	580.0,15.41
Nuwara Eliya,2018,7	502.0,14.91
Nuwara Eliya,2018,8	462.0,14.77
Nuwara Eliya,2018,9	279.0,15.36
Nuwara Eliya,2019,1	164.0,14.93
Nuwara Eliya,2019,10	396.0,15.54
Nuwara Eliya,2019,11	251.0,15.71
Nuwara Eliya,2019,12	327.0,15.52
Nuwara Eliya,2019,2	189.0,15.52
Nuwara Eliya,2019,3	98.0,15.65
Nuwara Eliya,2019,4	218.0,16.8
Nuwara Eliya,2019,5	162.0,16.86
Nuwara Eliya,2019,6	381.0,16.14
Nuwara Eliya,2019,7	269.0,15.63
Nuwara Eliya,2019,8	476.0,15.25
Nuwara Eliya,2019,9	344.0,15.47
Nuwara Eliya,2020,1	127.0,15.51
Nuwara Eliya,2020,10	365.0,15.2
Nuwara Eliya,2020,11	311.0,15.87
Nuwara Eliya,2020,12	369.0,15.17
Nuwara Eliya,2020,2	168.0,15.91
Nuwara Eliya,2020,3	97.0,17.25
Nuwara Eliya,2020,4	186.0,16.86
Nuwara Eliya,2020,5	335.0,16.96
Nuwara Eliya,2020,6	367.0,15.85
Nuwara Eliya,2020,7	364.0,15.59
Nuwara Eliya,2020,8	326.0,15.27
Nuwara Eliya,2020,9	484.0,15.07
Nuwara Eliya,2021,1	289.0,15.15
Nuwara Eliya,2021,10	381.0,15.47
Nuwara Eliya,2021,11	418.0,15.18
Nuwara Eliya,2021,12	196.0,14.98
Nuwara Eliya,2021,2	145.0,15.5
Nuwara Eliya,2021,3	169.0,15.53
Nuwara Eliya,2021,4	192.0,16.39
Nuwara Eliya,2021,5	424.0,16.33
Nuwara Eliya,2021,6	349.0,15.49
Nuwara Eliya,2021,7	459.0,15.4
Nuwara Eliya,2021,8	475.0,15.15
Nuwara Eliya,2021,9	384.0,15.36
Nuwara Eliya,2022,1	177.0,14.69
Nuwara Eliya,2022,10	432.0,15.04
Nuwara Eliya,2022,11	235.0,15.04
Nuwara Eliya,2022,12	275.0,14.46
Nuwara Eliya,2022,2	131.0,15.41
Nuwara Eliya,2022,3	161.0,16.18
Nuwara Eliya,2022,4	281.0,16.08
Nuwara Eliya,2022,5	498.0,15.95
Nuwara Eliya,2022,6	391.0,15.3
Nuwara Eliya,2022,7	433.0,15.26
Nuwara Eliya,2022,8	481.0,14.95
Nuwara Eliya,2022,9	315.0,15.11
Nuwara Eliya,2023,1	217.0,14.12
Nuwara Eliya,2023,10	373.0,15.96
Nuwara Eliya,2023,11	354.0,15.99
Nuwara Eliya,2023,12	415.0,15.95
Nuwara Eliya,2023,2	204.0,14.96
Nuwara Eliya,2023,3	191.0,15.45
Nuwara Eliya,2023,4	173.0,16.24
Nuwara Eliya,2023,5	251.0,16.77
Nuwara Eliya,2023,6	380.0,16.19
Nuwara Eliya,2023,7	393.0,15.36
Nuwara Eliya,2023,8	225.0,16.1
Nuwara Eliya,2023,9	451.0,15.82
Nuwara Eliya,2024,1	248.0,15.45
Nuwara Eliya,2024,2	132.0,15.94
Nuwara Eliya,2024,3	109.0,16.75
Nuwara Eliya,2024,4	161.0,17.62
Nuwara Eliya,2024,5	417.0,17.48
Nuwara Eliya,2024,6	77.0,17.83
Polonnaruwa,2014,1	222.0,24.02
Polonnaruwa,2014,10	210.0,26.52
Polonnaruwa,2014,11	287.0,25.11
Polonnaruwa,2014,12	402.0,24.39
Polonnaruwa,2014,2	61.0,24.8
Polonnaruwa,2014,3	58.0,26.47
Polonnaruwa,2014,4	61.0,28.66
Polonnaruwa,2014,5	87.0,28.11
Polonnaruwa,2014,6	16.0,29.46
Polonnaruwa,2014,7	8.0,29.12
Polonnaruwa,2014,8	42.0,28.48
Polonnaruwa,2014,9	62.0,28.59
Polonnaruwa,2015,1	93.0,24.75
Polonnaruwa,2015,10	249.0,26.49
Polonnaruwa,2015,11	276.0,25.36
Polonnaruwa,2015,12	291.0,25.14
Polonnaruwa,2015,2	179.0,24.53
Polonnaruwa,2015,3	108.0,25.85
Polonnaruwa,2015,4	113.0,27.38
Polonnaruwa,2015,5	96.0,27.98
Polonnaruwa,2015,6	34.0,29.16
Polonnaruwa,2015,7	27.0,29.14
Polonnaruwa,2015,8	34.0,29.05
Polonnaruwa,2015,9	80.0,28.22
Polonnaruwa,2016,1	97.0,25.15
Polonnaruwa,2016,10	90.0,28.91
Polonnaruwa,2016,11	227.0,25.52
Polonnaruwa,2016,12	133.0,25.17
Polonnaruwa,2016,2	91.0,25.92
Polonnaruwa,2016,3	64.0,27.54
Polonnaruwa,2016,4	32.0,29.88
Polonnaruwa,2016,5	149.0,28.14
Polonnaruwa,2016,6	19.0,28.72
Polonnaruwa,2016,7	34.0,28.89
Polonnaruwa,2016,8	28.0,29.01
Polonnaruwa,2016,9	24.0,29.14
Polonnaruwa,2017,1	203.0,24.27
Polonnaruwa,2017,10	170.0,28.01
Polonnaruwa,2017,11	334.0,25.56
Polonnaruwa,2017,12	246.0,25.18
Polonnaruwa,2017,2	157.0,24.78
Polonnaruwa,2017,3	176.0,26.54
Polonnaruwa,2017,4	54.0,29.66
Polonnaruwa,2017,5	78.0,29.41
Polonnaruwa,2017,6	46.0,29.72
Polonnaruwa,2017,7	50.0,30.11
Polonnaruwa,2017,8	60.0,29.36
Polonnaruwa,2017,9	90.0,28.51
Polonnaruwa,2018,1	146.0,24.31
Polonnaruwa,2018,10	395.0,26.04
Polonnaruwa,2018,11	426.0,25.49
Polonnaruwa,2018,12	306.0,25.11
Polonnaruwa,2018,2	190.0,24.97
Polonnaruwa,2018,3	196.0,26.55
Polonnaruwa,2018,4	167.0,27.61
Polonnaruwa,2018,5	163.0,27.72
Polonnaruwa,2018,6	42.0,28.94
Polonnaruwa,2018,7	26.0,29.24
Polonnaruwa,2018,8	63.0,28.86
Polonnaruwa,2018,9	142.0,28.89
Polonnaruwa,2019,1	205.0,24.71
Polonnaruwa,2019,10	367.0,26.03
Polonnaruwa,2019,11	384.0,26.1
Polonnaruwa,2019,12	491.0,25.16
Polonnaruwa,2019,2	303.0,25.8
Polonnaruwa,2019,3	63.0,27.67
Polonnaruwa,2019,4	100.0,28.78
Polonnaruwa,2019,5	57.0,30.61
Polonnaruwa,2019,6	31.0,30.58
Polonnaruwa,2019,7	46.0,30.19
Polonnaruwa,2019,8	62.0,29.21
Polonnaruwa,2019,9	141.0,28.79
Polonnaruwa,2020,1	253.0,25.36
Polonnaruwa,2020,10	94.0,28.86
Polonnaruwa,2020,11	397.0,26.3
Polonnaruwa,2020,12	428.0,25.1
Polonnaruwa,2020,2	199.0,25.9
Polonnaruwa,2020,3	53.0,27.89
Polonnaruwa,2020,4	165.0,28.8
Polonnaruwa,2020,5	130.0,29.26
Polonnaruwa,2020,6	62.0,29.89
Polonnaruwa,2020,7	99.0,28.85
Polonnaruwa,2020,8	53.0,29.63
Polonnaruwa,2020,9	106.0,28.36
Polonnaruwa,2021,1	434.0,24.87
Polonnaruwa,2021,10	203.0,27.32
Polonnaruwa,2021,11	302.0,25.66
Polonnaruwa,2021,12	226.0,25.38
Polonnaruwa,2021,2	191.0,25.2
Polonnaruwa,2021,3	172.0,26.62
Polonnaruwa,2021,4	138.0,28.09
Polonnaruwa,2021,5	148.0,28.06
Polonnaruwa,2021,6	51.0,29.03
Polonnaruwa,2021,7	61.0,29.26
Polonnaruwa,2021,8	81.0,28.96
Polonnaruwa,2021,9	70.0,29.07
Polonnaruwa,2022,1	266.0,24.96
Polonnaruwa,2022,10	224.0,26.6
Polonnaruwa,2022,11	225.0,25.41
Polonnaruwa,2022,12	281.0,24.78
Polonnaruwa,2022,2	154.0,25.29
Polonnaruwa,2022,3	122.0,26.86
Polonnaruwa,2022,4	171.0,26.86
Polonnaruwa,2022,5	61.0,28.86
Polonnaruwa,2022,6	54.0,28.95
Polonnaruwa,2022,7	93.0,28.58
Polonnaruwa,2022,8	104.0,27.99
Polonnaruwa,2022,9	56.0,28.4
Polonnaruwa,2023,1	233.0,24.23
Polonnaruwa,2023,10	284.0,26.52
Polonnaruwa,2023,11	397.0,25.56
Polonnaruwa,2023,12	466.0,25.4
Polonnaruwa,2023,2	224.0,24.95
Polonnaruwa,2023,3	212.0,26.44
Polonnaruwa,2023,4	116.0,28.05
Polonnaruwa,2023,5	107.0,28.59
Polonnaruwa,2023,6	54.0,30.33
Polonnaruwa,2023,7	45.0,29.94
Polonnaruwa,2023,8	79.0,30.6
Polonnaruwa,2023,9	117.0,28.7
Polonnaruwa,2024,1	297.0,25.12
Polonnaruwa,2024,2	137.0,26.47
Polonnaruwa,2024,3	101.0,27.71
Polonnaruwa,2024,4	97.0,29.77
Polonnaruwa,2024,5	203.0,29.18
Polonnaruwa,2024,6	35.0,28.89
Puttalam,2014,1	117.0,25.27
Puttalam,2014,10	397.0,26.49
Puttalam,2014,11	301.0,25.91
Puttalam,2014,12	300.0,25.35
Puttalam,2014,2	34.0,26.61
Puttalam,2014,3	24.0,28.57
Puttalam,2014,4	222.0,27.97
Puttalam,2014,5	263.0,27.78
Puttalam,2014,6	186.0,27.98
Puttalam,2014,7	177.0,27.76
Puttalam,2014,8	308.0,27.11
Puttalam,2014,9	318.0,27.01
Puttalam,2015,1	27.0,25.89
Puttalam,2015,10	371.0,26.66
Puttalam,2015,11	312.0,26.22
Puttalam,2015,12	223.0,26.3
Puttalam,2015,2	66.0,26.18
Puttalam,2015,3	68.0,27.63
Puttalam,2015,4	232.0,27.67
Puttalam,2015,5	309.0,27.69
Puttalam,2015,6	303.0,27.63
Puttalam,2015,7	203.0,27.5
Puttalam,2015,8	226.0,27.55
Puttalam,2015,9	322.0,27.02
Puttalam,2016,1	25.0,26.51
Puttalam,2016,10	175.0,27.49
Puttalam,2016,11	215.0,26.26
Puttalam,2016,12	72.0,26.07
Puttalam,2016,2	39.0,27.77
Puttalam,2016,3	46.0,29.26
Puttalam,2016,4	148.0,29.33
Puttalam,2016,5	372.0,28.09
Puttalam,2016,6	303.0,27.6
Puttalam,2016,7	165.0,27.33
Puttalam,2016,8	137.0,27.44
Puttalam,2016,9	158.0,27.18
Puttalam,2017,1	109.0,25.29
Puttalam,2017,10	461.0,26.75
Puttalam,2017,11	270.0,26.01
Puttalam,2017,12	144.0,25.57
Puttalam,2017,2	42.0,25.81
Puttalam,2017,3	180.0,27.08
Puttalam,2017,4	166.0,28.59
Puttalam,2017,5	327.0,28.36
Puttalam,2017,6	349.0,27.66
Puttalam,2017,7	166.0,27.87
Puttalam,2017,8	259.0,27.34
Puttalam,2017,9	338.0,26.98
Puttalam,2018,1	39.0,25.14
Puttalam,2018,10	430.0,26.13
Puttalam,2018,11	328.0,25.83
Puttalam,2018,12	127.0,25.7
Puttalam,2018,2	56.0,26.44
Puttalam,2018,3	127.0,27.65
Puttalam,2018,4	173.0,27.77
Puttalam,2018,5	382.0,27.17
Puttalam,2018,6	371.0,27.31
Puttalam,2018,7	90.0,27.01
Puttalam,2018,8	98.0,26.67
Puttalam,2018,9	174.0,27.18
Puttalam,2019,1	41.0,25.41
Puttalam,2019,10	444.0,26.11
Puttalam,2019,11	250.0,26.53
Puttalam,2019,12	208.0,25.99
Puttalam,2019,2	144.0,26.86
Puttalam,2019,3	66.0,28.08
Puttalam,2019,4	194.0,28.37
Puttalam,2019,5	220.0,28.83
Puttalam,2019,6	306.0,28.56
Puttalam,2019,7	204.0,28.16
Puttalam,2019,8	436.0,27.4
Puttalam,2019,9	414.0,26.86
Puttalam,2020,1	72.0,26.32
Puttalam,2020,10	226.0,27.27
Puttalam,2020,11	268.0,26.43
Puttalam,2020,12	283.0,25.51
Puttalam,2020,2	18.0,27.46
Puttalam,2020,3	80.0,28.21
Puttalam,2020,4	222.0,28.26
Puttalam,2020,5	313.0,28.5
Puttalam,2020,6	262.0,28.11
Puttalam,2020,7	269.0,27.57
Puttalam,2020,8	227.0,27.37
Puttalam,2020,9	422.0,26.86
Puttalam,2021,1	227.0,25.49
Puttalam,2021,10	438.0,26.53
Puttalam,2021,11	469.0,25.71
Puttalam,2021,12	102.0,25.87
Puttalam,2021,2	44.0,25.83
Puttalam,2021,3	109.0,27.26
Puttalam,2021,4	267.0,27.95
Puttalam,2021,5	421.0,27.54
Puttalam,2021,6	287.0,27.59
Puttalam,2021,7	217.0,27.43
Puttalam,2021,8	221.0,27.3
Puttalam,2021,9	289.0,27.43
Puttalam,2022,1	113.0,25.87
Puttalam,2022,10	368.0,26.27
Puttalam,2022,11	222.0,25.61
Puttalam,2022,12	240.0,25.54
Puttalam,2022,2	77.0,26.02
Puttalam,2022,3	132.0,27.21
Puttalam,2022,4	286.0,27.11
Puttalam,2022,5	412.0,27.84
Puttalam,2022,6	256.0,27.39
Puttalam,2022,7	133.0,27.23
Puttalam,2022,8	265.0,26.86
Puttalam,2022,9	241.0,26.87
Puttalam,2023,1	104.0,24.79
Puttalam,2023,10	377.0,26.3
Puttalam,2023,11	377.0,25.84
Puttalam,2023,12	317.0,26.1
Puttalam,2023,2	76.0,25.61
Puttalam,2023,3	144.0,27.13
Puttalam,2023,4	173.0,27.73
Puttalam,2023,5	248.0,28.2
Puttalam,2023,6	296.0,28.34
Puttalam,2023,7	117.0,28.03
Puttalam,2023,8	97.0,28.53
Puttalam,2023,9	435.0,27.25
Puttalam,2024,1	186.0,25.95
Puttalam,2024,2	67.0,27.57
Puttalam,2024,3	72.0,28.24
Puttalam,2024,4	174.0,28.67
Puttalam,2024,5	385.0,28.39
Puttalam,2024,6	95.0,27.69
Ratnapura,2014,1	133.0,24.79
Ratnapura,2014,10	425.0,24.46
Ratnapura,2014,11	336.0,24.22
Ratnapura,2014,12	335.0,24.06
Ratnapura,2014,2	51.0,25.79
Ratnapura,2014,3	49.0,26.46
Ratnapura,2014,4	256.0,25.51
Ratnapura,2014,5	373.0,25.48
Ratnapura,2014,6	447.0,25.14
Ratnapura,2014,7	505.0,24.73
Ratnapura,2014,8	455.0,24.32
Ratnapura,2014,9	475.0,24.44
Ratnapura,2015,1	117.0,24.85
Ratnapura,2015,10	446.0,24.83
Ratnapura,2015,11	391.0,24.65
Ratnapura,2015,12	241.0,24.9
Ratnapura,2015,2	135.0,24.88
Ratnapura,2015,3	145.0,25.58
Ratnapura,2015,4	262.0,25.53
Ratnapura,2015,5	456.0,25.51
Ratnapura,2015,6	412.0,25.19
Ratnapura,2015,7	426.0,24.8
Ratnapura,2015,8	453.0,24.83
Ratnapura,2015,9	493.0,24.71
Ratnapura,2016,1	102.0,25.45
Ratnapura,2016,10	352.0,24.53
Ratnapura,2016,11	325.0,24.54
Ratnapura,2016,12	141.0,24.52
Ratnapura,2016,2	82.0,25.84
Ratnapura,2016,3	82.0,26.85
Ratnapura,2016,4	215.0,26.95
Ratnapura,2016,5	513.0,25.51
Ratnapura,2016,6	480.0,25.03
Ratnapura,2016,7	380.0,24.75
Ratnapura,2016,8	454.0,24.6
Ratnapura,2016,9	447.0,24.32
Ratnapura,2017,1	124.0,25.33
Ratnapura,2017,10	547.0,25.46
Ratnapura,2017,11	360.0,25.07
Ratnapura,2017,12	193.0,25.28
Ratnapura,2017,2	108.0,25.72
Ratnapura,2017,3	214.0,26.34
Ratnapura,2017,4	393.0,26.87
Ratnapura,2017,5	504.0,26.27
Ratnapura,2017,6	643.0,25.79
Ratnapura,2017,7	650.0,25.94
Ratnapura,2017,8	657.0,25.51
Ratnapura,2017,9	585.0,25.42
Ratnapura,2018,1	86.0,25.33
Ratnapura,2018,10	471.0,25.23
Ratnapura,2018,11	374.0,25.25
Ratnapura,2018,12	204.0,25.37
Ratnapura,2018,2	162.0,26.01
Ratnapura,2018,3	192.0,26.22
Ratnapura,2018,4	242.0,26.41
Ratnapura,2018,5	515.0,25.85
Ratnapura,2018,6	696.0,25.5
Ratnapura,2018,7	660.0,25.53
Ratnapura,2018,8	635.0,25.28
Ratnapura,2018,9	431.0,25.67
Ratnapura,2019,1	118.0,25.46
Ratnapura,2019,10	411.0,25.16
Ratnapura,2019,11	355.0,25.5
Ratnapura,2019,12	305.0,25.34
Ratnapura,2019,2	231.0,26.06
Ratnapura,2019,3	189.0,26.7
Ratnapura,2019,4	296.0,27.11
Ratnapura,2019,5	578.0,26.78
Ratnapura,2019,6	664.0,26.47
Ratnapura,2019,7	599.0,26.1
Ratnapura,2019,8	702.0,25.46
Ratnapura,2019,9	597.0,25.47
Ratnapura,2020,1	164.0,26.04
Ratnapura,2020,10	523.0,25.65
Ratnapura,2020,11	340.0,25.76
Ratnapura,2020,12	331.0,25.28
Ratnapura,2020,2	156.0,26.82
Ratnapura,2020,3	178.0,27.47
Ratnapura,2020,4	290.0,26.99
Ratnapura,2020,5	579.0,26.69
Ratnapura,2020,6	550.0,26.37
Ratnapura,2020,7	551.0,25.92
Ratnapura,2020,8	482.0,25.94
Ratnapura,2020,9	632.0,25.28
Ratnapura,2021,1	317.0,25.07
Ratnapura,2021,10	539.0,25.35
Ratnapura,2021,11	482.0,24.75
Ratnapura,2021,12	224.0,25.15
Ratnapura,2021,2	137.0,25.84
Ratnapura,2021,3	241.0,25.85
Ratnapura,2021,4	342.0,26.35
Ratnapura,2021,5	542.0,26.35
Ratnapura,2021,6	621.0,25.82
Ratnapura,2021,7	660.0,25.83
Ratnapura,2021,8	639.0,25.46
Ratnapura,2021,9	642.0,25.67
Ratnapura,2022,1	162.0,25.29
Ratnapura,2022,10	512.0,24.78
Ratnapura,2022,11	256.0,24.9
Ratnapura,2022,12	253.0,24.8
Ratnapura,2022,2	113.0,25.84
Ratnapura,2022,3	224.0,26.23
Ratnapura,2022,4	334.0,25.74
Ratnapura,2022,5	631.0,25.61
Ratnapura,2022,6	605.0,25.47
Ratnapura,2022,7	486.0,25.65
Ratnapura,2022,8	575.0,25.18
Ratnapura,2022,9	512.0,25.24
Ratnapura,2023,1	177.0,24.63
Ratnapura,2023,10	479.0,25.21
Ratnapura,2023,11	381.0,25.15
Ratnapura,2023,12	356.0,25.29
Ratnapura,2023,2	163.0,25.19
Ratnapura,2023,3	178.0,25.86
Ratnapura,2023,4	193.0,26.55
Ratnapura,2023,5	467.0,26.29
Ratnapura,2023,6	573.0,25.94
Ratnapura,2023,7	539.0,25.7
Ratnapura,2023,8	479.0,26.16
Ratnapura,2023,9	567.0,25.09
Ratnapura,2024,1	196.0,25.49
Ratnapura,2024,2	112.0,26.64
Ratnapura,2024,3	144.0,27.57
Ratnapura,2024,4	210.0,27.49
Ratnapura,2024,5	519.0,26.66
Ratnapura,2024,6	140.0,26.29
Trincomalee,2014,1	370.0,24.94
Trincomalee,2014,10	268.0,27.05
Trincomalee,2014,11	391.0,25.88
Trincomalee,2014,12	551.0,25.19
Trincomalee,2014,2	120.0,25.9
Trincomalee,2014,3	89.0,27.35
Trincomalee,2014,4	76.0,28.78
Trincomalee,2014,5	118.0,28.88
Trincomalee,2014,6	13.0,30.15
Trincomalee,2014,7	14.0,29.7
Trincomalee,2014,8	77.0,28.43
Trincomalee,2014,9	85.0,28.54
Trincomalee,2015,1	173.0,25.58
Trincomalee,2015,10	326.0,27.03
Trincomalee,2015,11	404.0,26.15
Trincomalee,2015,12	434.0,26.13
Trincomalee,2015,2	295.0,25.56
Trincomalee,2015,3	162.0,26.96
Trincomalee,2015,4	119.0,28.07
Trincomalee,2015,5	106.0,28.63
Trincomalee,2015,6	38.0,29.38
Trincomalee,2015,7	41.0,29.54
Trincomalee,2015,8	34.0,29.25
Trincomalee,2015,9	110.0,28.33
Trincomalee,2016,1	191.0,26.21
Trincomalee,2016,10	102.0,28.71
Trincomalee,2016,11	352.0,26.23
Trincomalee,2016,12	227.0,25.79
Trincomalee,2016,2	159.0,26.91
Trincomalee,2016,3	97.0,28.0
Trincomalee,2016,4	42.0,29.91
Trincomalee,2016,5	178.0,28.87
Trincomalee,2016,6	15.0,29.31
Trincomalee,2016,7	41.0,29.14
Trincomalee,2016,8	34.0,29.14
Trincomalee,2016,9	24.0,29.34
Trincomalee,2017,1	277.0,25.3
Trincomalee,2017,10	190.0,27.91
Trincomalee,2017,11	440.0,26.18
Trincomalee,2017,12	285.0,25.9
Trincomalee,2017,2	137.0,25.73
Trincomalee,2017,3	175.0,26.95
Trincomalee,2017,4	37.0,29.57
Trincomalee,2017,5	76.0,29.81
Trincomalee,2017,6	48.0,30.16
Trincomalee,2017,7	62.0,29.99
Trincomalee,2017,8	88.0,29.02
Trincomalee,2017,9	119.0,28.39
Trincomalee,2018,1	161.0,25.34
Trincomalee,2018,10	422.0,26.48
Trincomalee,2018,11	451.0,26.13
Trincomalee,2018,12	356.0,25.9
Trincomalee,2018,2	215.0,25.85
Trincomalee,2018,3	152.0,27.18
Trincomalee,2018,4	143.0,28.14
Trincomalee,2018,5	158.0,28.01
Trincomalee,2018,6	39.0,29.39
Trincomalee,2018,7	51.0,29.65
Trincomalee,2018,8	70.0,29.11
Trincomalee,2018,9	127.0,28.59
Trincomalee,2019,1	151.0,25.75
Trincomalee,2019,10	383.0,26.45
Trincomalee,2019,11	404.0,26.73
Trincomalee,2019,12	508.0,26.15
Trincomalee,2019,2	257.0,26.6
Trincomalee,2019,3	54.0,27.97
Trincomalee,2019,4	69.0,29.15
Trincomalee,2019,5	52.0,30.65
Trincomalee,2019,6	44.0,30.81
Trincomalee,2019,7	80.0,29.91
Trincomalee,2019,8	87.0,29.03
Trincomalee,2019,9	163.0,28.23
Trincomalee,2020,1	255.0,26.47
Trincomalee,2020,10	127.0,28.68
Trincomalee,2020,11	455.0,26.63
Trincomalee,2020,12	518.0,25.6
Trincomalee,2020,2	150.0,26.92
Trincomalee,2020,3	77.0,27.73
Trincomalee,2020,4	132.0,29.2
Trincomalee,2020,5	152.0,29.45
Trincomalee,2020,6	84.0,29.74
Trincomalee,2020,7	114.0,28.8
Trincomalee,2020,8	60.0,29.26
Trincomalee,2020,9	121.0,28.2
Trincomalee,2021,1	435.0,25.66
Trincomalee,2021,10	237.0,27.22
Trincomalee,2021,11	398.0,25.96
Trincomalee,2021,12	269.0,26.33
Trincomalee,2021,2	205.0,25.88
Trincomalee,2021,3	158.0,27.51
Trincomalee,2021,4	159.0,28.38
Trincomalee,2021,5	161.0,28.68
Trincomalee,2021,6	80.0,29.25
Trincomalee,2021,7	75.0,29.16
Trincomalee,2021,8	119.0,28.86
Trincomalee,2021,9	118.0,28.65
Trincomalee,2022,1	285.0,25.69
Trincomalee,2022,10	243.0,26.67
Trincomalee,2022,11	322.0,25.86
Trincomalee,2022,12	405.0,25.48
Trincomalee,2022,2	165.0,26.14
Trincomalee,2022,3	126.0,27.22
Trincomalee,2022,4	184.0,27.29
Trincomalee,2022,5	63.0,29.19
Trincomalee,2022,6	75.0,29.0
Trincomalee,2022,7	90.0,28.65
Trincomalee,2022,8	97.0,28.18
Trincomalee,2022,9	85.0,28.43
Trincomalee,2023,1	243.0,25.45
Trincomalee,2023,10	283.0,26.72
Trincomalee,2023,11	473.0,26.05
Trincomalee,2023,12	507.0,26.24
Trincomalee,2023,2	224.0,25.85
Trincomalee,2023,3	190.0,27.06
Trincomalee,2023,4	123.0,28.42
Trincomalee,2023,5	110.0,28.77
Trincomalee,2023,6	42.0,30.38
Trincomalee,2023,7	50.0,29.87
Trincomalee,2023,8	87.0,29.5
Trincomalee,2023,9	114.0,28.3
Trincomalee,2024,1	315.0,26.48
Trincomalee,2024,2	131.0,27.44
Trincomalee,2024,3	101.0,27.75
Trincomalee,2024,4	97.0,29.13
Trincomalee,2024,5	161.0,29.1
Trincomalee,2024,6	53.0,28.89
Vavuniya,2014,1	228.0,23.9
Vavuniya,2014,10	290.0,26.18
Vavuniya,2014,11	302.0,24.83
Vavuniya,2014,12	394.0,24.19
Vavuniya,2014,2	41.0,25.31
Vavuniya,2014,3	29.0,27.48
Vavuniya,2014,4	90.0,28.63
Vavuniya,2014,5	122.0,28.04
Vavuniya,2014,6	49.0,29.48
Vavuniya,2014,7	42.0,29.09
Vavuniya,2014,8	105.0,27.9
Vavuniya,2014,9	121.0,28.09
Vavuniya,2015,1	57.0,24.57
Vavuniya,2015,10	267.0,26.27
Vavuniya,2015,11	337.0,25.22
Vavuniya,2015,12	277.0,25.05
Vavuniya,2015,2	125.0,24.66
Vavuniya,2015,3	89.0,26.49
Vavuniya,2015,4	143.0,27.44
Vavuniya,2015,5	136.0,27.46
Vavuniya,2015,6	72.0,28.31
Vavuniya,2015,7	68.0,28.63
Vavuniya,2015,8	64.0,28.37
Vavuniya,2015,9	120.0,27.53
Vavuniya,2016,1	82.0,24.92
Vavuniya,2016,10	85.0,27.98
Vavuniya,2016,11	203.0,25.31
Vavuniya,2016,12	132.0,24.77
Vavuniya,2016,2	87.0,26.11
Vavuniya,2016,3	40.0,28.35
Vavuniya,2016,4	49.0,29.88
Vavuniya,2016,5	165.0,28.11
Vavuniya,2016,6	49.0,28.38
Vavuniya,2016,7	62.0,28.49
Vavuniya,2016,8	45.0,28.66
Vavuniya,2016,9	36.0,28.6
Vavuniya,2017,1	167.0,24.16
Vavuniya,2017,10	207.0,26.87
Vavuniya,2017,11	317.0,25.23
Vavuniya,2017,12	177.0,24.73
Vavuniya,2017,2	50.0,24.65
Vavuniya,2017,3	153.0,26.38
Vavuniya,2017,4	46.0,29.59
Vavuniya,2017,5	91.0,29.05
Vavuniya,2017,6	84.0,28.92
Vavuniya,2017,7	75.0,29.27
Vavuniya,2017,8	115.0,27.92
Vavuniya,2017,9	137.0,27.18
Vavuniya,2018,1	81.0,24.15
Vavuniya,2018,10	418.0,25.54
Vavuniya,2018,11	374.0,24.95
Vavuniya,2018,12	190.0,24.84
Vavuniya,2018,2	90.0,25.16
Vavuniya,2018,3	89.0,27.02
Vavuniya,2018,4	91.0,28.28
Vavuniya,2018,5	157.0,27.25
Vavuniya,2018,6	107.0,28.19
Vavuniya,2018,7	58.0,28.81
Vavuniya,2018,8	80.0,28.17
Vavuniya,2018,9	160.0,27.96
Vavuniya,2019,1	77.0,24.32
Vavuniya,2019,10	348.0,25.68
Vavuniya,2019,11	295.0,25.86
Vavuniya,2019,12	365.0,24.96
Vavuniya,2019,2	138.0,25.91
Vavuniya,2019,3	32.0,28.06
Vavuniya,2019,4	104.0,28.86
Vavuniya,2019,5	46.0,29.64
Vavuniya,2019,6	44.0,29.77
Vavuniya,2019,7	57.0,29.18
Vavuniya,2019,8	149.0,28.05
Vavuniya,2019,9	173.0,27.68
Vavuniya,2020,1	120.0,25.12
Vavuniya,2020,10	118.0,28.11
Vavuniya,2020,11	349.0,25.85
Vavuniya,2020,12	404.0,24.48
Vavuniya,2020,2	59.0,25.76
Vavuniya,2020,3	28.0,27.24
Vavuniya,2020,4	112.0,28.55
Vavuniya,2020,5	138.0,28.46
Vavuniya,2020,6	113.0,28.76
Vavuniya,2020,7	130.0,27.85
Vavuniya,2020,8	81.0,28.41
Vavuniya,2020,9	153.0,27.43
Vavuniya,2021,1	303.0,24.52
Vavuniya,2021,10	283.0,26.29
Vavuniya,2021,11	389.0,24.98
Vavuniya,2021,12	166.0,24.98
Vavuniya,2021,2	101.0,24.68
Vavuniya,2021,3	101.0,26.53
Vavuniya,2021,4	157.0,27.61
Vavuniya,2021,5	191.0,27.36
Vavuniya,2021,6	90.0,28.22
Vavuniya,2021,7	89.0,28.27
Vavuniya,2021,8	94.0,28.24
Vavuniya,2021,9	118.0,28.11
Vavuniya,2022,1	144.0,24.79
Vavuniya,2022,10	250.0,25.9
Vavuniya,2022,11	230.0,24.91
Vavuniya,2022,12	253.0,24.6
Vavuniya,2022,2	101.0,24.83
Vavuniya,2022,3	78.0,26.64
Vavuniya,2022,4	188.0,26.62
Vavuniya,2022,5	138.0,28.05
Vavuniya,2022,6	77.0,27.97
Vavuniya,2022,7	84.0,27.83
Vavuniya,2022,8	129.0,27.37
Vavuniya,2022,9	88.0,27.45
Vavuniya,2023,1	139.0,23.86
Vavuniya,2023,10	260.0,26.32
Vavuniya,2023,11	370.0,25.22
Vavuniya,2023,12	381.0,25.21
Vavuniya,2023,2	121.0,24.65
Vavuniya,2023,3	115.0,26.55
Vavuniya,2023,4	97.0,27.87
Vavuniya,2023,5	122.0,27.9
Vavuniya,2023,6	59.0,29.15
Vavuniya,2023,7	59.0,29.09
Vavuniya,2023,8	60.0,29.32
Vavuniya,2023,9	125.0,27.92
Vavuniya,2024,1	171.0,25.17
Vavuniya,2024,2	59.0,26.64
Vavuniya,2024,3	45.0,27.85
Vavuniya,2024,4	77.0,29.77
Vavuniya,2024,5	270.0,28.38
Vavuniya,2024,6	48.0,27.66
Welimada,2014,1	197.0,19.61
Welimada,2014,10	357.0,21.18
Welimada,2014,11	341.0,20.44
Welimada,2014,12	417.0,20.17
Welimada,2014,2	51.0,20.01
Welimada,2014,3	99.0,20.97
Welimada,2014,4	170.0,22.13
Welimada,2014,5	241.0,22.59
Welimada,2014,6	310.0,23.88
Welimada,2014,7	326.0,24.2
Welimada,2014,8	311.0,22.85
Welimada,2014,9	334.0,23.02
Welimada,2015,1	89.0,20.06
Welimada,2015,10	399.0,21.25
Welimada,2015,11	380.0,20.85
Welimada,2015,12	303.0,20.49
Welimada,2015,2	163.0,19.73
Welimada,2015,3	131.0,20.85
Welimada,2015,4	278.0,21.46
Welimada,2015,5	271.0,22.37
Welimada,2015,6	259.0,22.64
Welimada,2015,7	305.0,23.46
Welimada,2015,8	284.0,23.12
Welimada,2015,9	347.0,22.31
Welimada,2016,1	109.0,20.51
Welimada,2016,10	255.0,22.71
Welimada,2016,11	277.0,20.74
Welimada,2016,12	128.0,20.4
Welimada,2016,2	106.0,21.02
Welimada,2016,3	61.0,22.67
Welimada,2016,4	161.0,23.07
Welimada,2016,5	420.0,22.78
Welimada,2016,6	366.0,23.04
Welimada,2016,7	292.0,23.28
Welimada,2016,8	274.0,23.34
Welimada,2016,9	236.0,23.81
Welimada,2017,1	221.0,18.09
Welimada,2017,10	183.0,21.59
Welimada,2017,11	334.0,19.56
Welimada,2017,12	271.0,19.02
Welimada,2017,2	190.0,18.59
Welimada,2017,3	178.0,19.97
Welimada,2017,4	75.0,21.94
Welimada,2017,5	145.0,22.8
Welimada,2017,6	108.0,22.77
Welimada,2017,7	108.0,23.19
Welimada,2017,8	98.0,22.43
Welimada,2017,9	126.0,21.32
Welimada,2018,1	185.0,18.04
Welimada,2018,10	355.0,20.11
Welimada,2018,11	373.0,19.59
Welimada,2018,12	270.0,18.87
Welimada,2018,2	199.0,18.89
Welimada,2018,3	211.0,19.94
Welimada,2018,4	182.0,20.51
Welimada,2018,5	201.0,21.15
Welimada,2018,6	107.0,21.85
Welimada,2018,7	142.0,21.61
Welimada,2018,8	183.0,21.39
Welimada,2018,9	179.0,21.35
Welimada,2019,1	319.0,18.31
Welimada,2019,10	381.0,19.96
Welimada,2019,11	346.0,19.77
Welimada,2019,12	415.0,19.31
Welimada,2019,2	314.0,19.49
Welimada,2019,3	136.0,19.97
Welimada,2019,4	179.0,21.36
Welimada,2019,5	136.0,22.49
Welimada,2019,6	58.0,23.06
Welimada,2019,7	103.0,22.68
Welimada,2019,8	162.0,21.89
Welimada,2019,9	224.0,21.22
Welimada,2020,1	281.0,18.9
Welimada,2020,10	145.0,21.54
Welimada,2020,11	358.0,20.08
Welimada,2020,12	377.0,19.32
Welimada,2020,2	285.0,19.16
Welimada,2020,3	96.0,20.79
Welimada,2020,4	195.0,21.27
Welimada,2020,5	189.0,22.26
Welimada,2020,6	100.0,22.37
Welimada,2020,7	121.0,21.83
Welimada,2020,8	121.0,22.07
Welimada,2020,9	173.0,21.06
Welimada,2021,1	381.0,18.95
Welimada,2021,10	216.0,20.69
Welimada,2021,11	314.0,20.07
Welimada,2021,12	298.0,18.99
Welimada,2021,2	262.0,18.95
Welimada,2021,3	212.0,19.52
Welimada,2021,4	179.0,20.7
Welimada,2021,5	242.0,21.46
Welimada,2021,6	103.0,21.23
Welimada,2021,7	178.0,21.64
Welimada,2021,8	184.0,21.49
Welimada,2021,9	152.0,21.42
Welimada,2022,1	336.0,18.61
Welimada,2022,10	265.0,20.46
Welimada,2022,11	278.0,19.19
Welimada,2022,12	271.0,18.7
Welimada,2022,2	186.0,18.9
Welimada,2022,3	207.0,20.03
Welimada,2022,4	243.0,20.39
Welimada,2022,5	152.0,22.14
Welimada,2022,6	113.0,21.62
Welimada,2022,7	169.0,21.66
Welimada,2022,8	222.0,21.26
Welimada,2022,9	144.0,21.04
Welimada,2023,1	338.0,17.87
Welimada,2023,10	372.0,20.6
Welimada,2023,11	363.0,20.26
Welimada,2023,12	459.0,20.02
Welimada,2023,2	301.0,18.75
Welimada,2023,3	254.0,19.64
Welimada,2023,4	162.0,20.58
Welimada,2023,5	191.0,21.79
Welimada,2023,6	123.0,22.8
Welimada,2023,7	138.0,22.73
Welimada,2023,8	136.0,22.92
Welimada,2023,9	213.0,21.56
Welimada,2024,1	359.0,19.25
Welimada,2024,2	255.0,19.82
Welimada,2024,3	98.0,20.77
Welimada,2024,4	158.0,21.95
Welimada,2024,5	282.0,23.01
Welimada,2024,6	50.0,22.73
